month,date,variant,cutoff_month,remaining_reserves_start_msm3oe,production_forecast_msm3oe,remaining_reserves_end_msm3oe,production_was_clipped,fuel_gas_forecast_msm3,fuel_gas_forecast_sm3,fuel_forecast_method,fuel_source_field,fuel_zero_from_month,fuel_zero_override_applied,production_forecast_msm3oe_q10,production_forecast_msm3oe_q30,production_forecast_msm3oe_q50,production_forecast_msm3oe_q70,production_forecast_msm3oe_q90,fuel_gas_forecast_msm3_q10,fuel_gas_forecast_msm3_q30,fuel_gas_forecast_msm3_q50,fuel_gas_forecast_msm3_q70,fuel_gas_forecast_msm3_q90,remaining_reserves_end_msm3oe_q10,remaining_reserves_end_msm3oe_q30,remaining_reserves_end_msm3oe_q50,remaining_reserves_end_msm3oe_q70,remaining_reserves_end_msm3oe_q90
2026-04,2026-04-01,global_mlp,2026-03,8.641441,0.10431814566254616,8.537123203277588,False,0.0,0.0,external_power_zero,Sleipner A,,False,0.06559620648622513,0.09148768708109856,0.10431814566254616,0.11610514298081397,0.1366648033261299,0.0,0.0,0.0,0.0,0.0,8.50477647781372,8.525336360931396,8.537123203277588,8.54995355606079,8.575845336914062
2026-05,2026-05-01,global_mlp,2026-03,8.641441,0.09953271225094795,8.441719055175781,False,0.0,0.0,external_power_zero,Sleipner A,,False,0.06100490652024747,0.08753485083580018,0.09953271225094795,0.11227638125419617,0.13862347751855852,0.0,0.0,0.0,0.0,0.0,8.37819995880127,8.415505695343018,8.441719055175781,8.464092445373534,8.506865978240967
2026-06,2026-06-01,global_mlp,2026-03,8.641441,0.09472157806158066,8.348876953125,False,0.0,0.0,external_power_zero,Sleipner A,,False,0.06254247128963471,0.0826157346367836,0.09472157806158066,0.10977642387151716,0.133347687125206,0.0,0.0,0.0,0.0,0.0,8.253402137756348,8.314853858947753,8.348876953125,8.37680788040161,8.439348602294922
2026-07,2026-07-01,global_mlp,2026-03,8.641441,0.09271599724888802,8.256531715393066,False,0.0,0.0,external_power_zero,Sleipner A,,False,0.05630358532071114,0.08076797947287559,0.09271599724888802,0.1081376202404499,0.13515038788318637,0.0,0.0,0.0,0.0,0.0,8.128299522399903,8.212421035766601,8.256531715393066,8.294228649139404,8.367425632476806
2026-08,2026-08-01,global_mlp,2026-03,8.641441,0.0894402451813221,8.170302391052246,False,0.0,0.0,external_power_zero,Sleipner A,,False,0.056181013211607934,0.07540164291858673,0.0894402451813221,0.10411035120487211,0.13142630457878116,0.0,0.0,0.0,0.0,0.0,8.018306255340576,8.11366319656372,8.170302391052246,8.218147659301758,8.299309062957764
2026-09,2026-09-01,global_mlp,2026-03,8.641441,0.08877469599246979,8.08807373046875,False,0.0,0.0,external_power_zero,Sleipner A,,False,0.041152776032686245,0.07092741504311562,0.08877469599246979,0.10450804457068442,0.13081084638834,0.0,0.0,0.0,0.0,0.0,7.902395391464234,8.016777515411377,8.08807373046875,8.144769382476806,8.23106575012207
2026-10,2026-10-01,global_mlp,2026-03,8.641441,0.08495467156171799,8.008501529693604,False,0.0,0.0,external_power_zero,Sleipner A,,False,0.04471017196774483,0.07034151852130889,0.08495467156171799,0.10034536197781561,0.13449500352144242,0.0,0.0,0.0,0.0,0.0,7.782384634017944,7.917931747436524,8.008501529693604,8.070997428894042,8.161101913452148
2026-11,2026-11-01,global_mlp,2026-03,8.641441,0.0875384509563446,7.924144268035889,False,0.0,0.0,external_power_zero,Sleipner A,,False,0.04324310012161732,0.07015352323651314,0.0875384509563446,0.10248196646571157,0.13687548041343692,0.0,0.0,0.0,0.0,0.0,7.665392684936523,7.821784925460816,7.924144268035889,8.000388240814209,8.097000408172608
2026-12,2026-12-01,global_mlp,2026-03,8.641441,0.08701586350798607,7.838549375534058,False,0.0,0.0,external_power_zero,Sleipner A,,False,0.044483827799558645,0.06689587235450743,0.08701586350798607,0.10453997924923895,0.13860311955213547,0.0,0.0,0.0,0.0,0.0,7.543846178054809,7.720806837081909,7.838549375534058,7.929985618591308,8.041157913208007
2027-01,2027-01-01,global_mlp,2026-03,8.641441,0.08718642219901085,7.750271320343018,False,0.0,0.0,external_power_zero,Sleipner A,,False,0.03210217207670212,0.06605737283825874,0.08718642219901085,0.10435292124748229,0.13766869306564336,0.0,0.0,0.0,0.0,0.0,7.416238117218017,7.6316619396209715,7.750271320343018,7.853008508682251,7.968465948104859
2027-02,2027-02-01,global_mlp,2026-03,8.641441,0.08780303597450256,7.677715539932251,False,0.0,0.0,external_power_zero,Sleipner A,,False,0.0317635476589203,0.06778726130723953,0.08780303597450256,0.10539143458008765,0.14424564838409423,0.0,0.0,0.0,0.0,0.0,7.294475317001343,7.530360889434815,7.677715539932251,7.780860185623169,7.910827207565307
2027-03,2027-03-01,global_mlp,2026-03,8.641441,0.08402223140001297,7.59023904800415,False,0.0,0.0,external_power_zero,Sleipner A,,False,0.030379682220518595,0.06455443128943443,0.08402223140001297,0.10456786677241323,0.1309256210923195,0.0,0.0,0.0,0.0,0.0,7.185814571380615,7.435008907318116,7.59023904800415,7.7073852062225345,7.866631078720093
2027-04,2027-04-01,global_mlp,2026-03,8.641441,0.07425288110971451,7.5136308670043945,False,0.0,0.0,external_power_zero,Sleipner A,,False,0.03225496392697097,0.05815858729183674,0.07425288110971451,0.09149406328797338,0.1265822872519493,0.0,0.0,0.0,0.0,0.0,7.084412670135499,7.353413200378418,7.5136308670043945,7.644025945663452,7.817241621017456
2027-05,2027-05-01,global_mlp,2026-03,8.641441,0.07255856320261955,7.434357166290283,False,0.0,0.0,external_power_zero,Sleipner A,,False,0.025784421525895596,0.05277115069329738,0.07255856320261955,0.08960079997777938,0.1233497127890587,0.0,0.0,0.0,0.0,0.0,6.958900833129883,7.263935470581055,7.434357166290283,7.5906156539917,7.78716082572937
2027-06,2027-06-01,global_mlp,2026-03,8.641441,0.0674971453845501,7.356952667236328,False,0.0,0.0,external_power_zero,Sleipner A,,False,0.02949874456971884,0.054108943790197365,0.0674971453845501,0.0882086381316185,0.12339926213026046,0.0,0.0,0.0,0.0,0.0,6.822282552719116,7.180203247070312,7.356952667236328,7.533485031127929,7.7489382266998295
2027-07,2027-07-01,global_mlp,2026-03,8.641441,0.06887833401560783,7.284209966659546,False,0.0,0.0,external_power_zero,Sleipner A,,False,0.0308336976915598,0.0537542276084423,0.06887833401560783,0.09124610126018524,0.1279830649495125,0.0,0.0,0.0,0.0,0.0,6.713889169692993,7.083438062667847,7.284209966659546,7.472138833999634,7.710594654083252
2027-08,2027-08-01,global_mlp,2026-03,8.641441,0.06536179780960083,7.210206508636475,False,0.0,0.0,external_power_zero,Sleipner A,,False,0.026228868961334237,0.050002512708306315,0.06536179780960083,0.08466449230909341,0.12065425962209701,0.0,0.0,0.0,0.0,0.0,6.612391138076783,7.016713857650757,7.210206508636475,7.4206850051879885,7.669123983383179
2027-09,2027-09-01,global_mlp,2026-03,8.641441,0.06730600818991661,7.141030788421631,False,0.0,0.0,external_power_zero,Sleipner A,,False,0.025805696658790112,0.05018309876322746,0.06730600818991661,0.08866239413619041,0.11979603469371798,0.0,0.0,0.0,0.0,0.0,6.48976788520813,6.937768840789795,7.141030788421631,7.363812685012817,7.619556522369385
2027-10,2027-10-01,global_mlp,2026-03,8.641441,0.06247636675834656,7.082891941070557,False,0.0,0.0,external_power_zero,Sleipner A,,False,0.01971837244927883,0.04442389793694019,0.06247636675834656,0.0792322926223278,0.122665161639452,0.0,0.0,0.0,0.0,0.0,6.409081602096558,6.865970039367675,7.082891941070557,7.31522536277771,7.575376081466675
2027-11,2027-11-01,global_mlp,2026-03,8.641441,0.0648835338652134,7.018596410751343,False,0.0,0.0,external_power_zero,Sleipner A,,False,0.025046668201684958,0.04674327634274959,0.0648835338652134,0.08468504548072811,0.12737026810646057,0.0,0.0,0.0,0.0,0.0,6.298214101791382,6.786554527282715,7.018596410751343,7.2552095413208,7.536658668518067
2027-12,2027-12-01,global_mlp,2026-03,8.641441,0.06513598933815956,6.948753595352173,False,0.0,0.0,external_power_zero,Sleipner A,,False,0.018124049901962286,0.04631010890007019,0.06513598933815956,0.08503921404480932,0.12240601181983948,0.0,0.0,0.0,0.0,0.0,6.183306646347046,6.703558826446534,6.948753595352173,7.202493095397949,7.499084186553955
2028-01,2028-01-01,global_mlp,2026-03,8.641441,0.06324698030948639,6.88991117477417,False,0.0,0.0,external_power_zero,Sleipner A,,False,0.02232623714953661,0.04673432819545269,0.06324698030948639,0.08681283146142958,0.12557308822870258,0.0,0.0,0.0,0.0,0.0,6.083800220489502,6.63699517250061,6.88991117477417,7.147335767745972,7.46085376739502
2028-02,2028-02-01,global_mlp,2026-03,8.641441,0.06438208371400833,6.836845636367798,False,0.0,0.0,external_power_zero,Sleipner A,,False,0.01987754926085472,0.0473286036401987,0.06438208371400833,0.08697886765003203,0.12645933032035828,0.0,0.0,0.0,0.0,0.0,5.9710471630096436,6.541705656051636,6.836845636367798,7.105231761932373,7.434906721115113
2028-03,2028-03-01,global_mlp,2026-03,8.641441,0.059495823457837105,6.771452188491821,False,0.0,0.0,external_power_zero,Sleipner A,,False,0.013745402731001378,0.04234784580767154,0.059495823457837105,0.08348166942596436,0.11539043486118318,0.0,0.0,0.0,0.0,0.0,5.874116611480713,6.464860630035401,6.771452188491821,7.058517599105835,7.422254657745361
2028-04,2028-04-01,global_mlp,2026-03,8.641441,0.052760375663638115,6.705115079879761,False,0.0,0.0,external_power_zero,Sleipner A,,False,0.01866665482521057,0.03835734985768795,0.052760375663638115,0.07383920922875405,0.10665408372879029,0.0,0.0,0.0,0.0,0.0,5.775316858291626,6.3953886985778805,6.705115079879761,7.0105606555938715,7.386797571182251
2028-05,2028-05-01,global_mlp,2026-03,8.641441,0.05228392593562603,6.656384468078613,False,0.0,0.0,external_power_zero,Sleipner A,,False,0.014256985113024714,0.03671299740672111,0.05228392593562603,0.07193680554628372,0.10016419366002083,0.0,0.0,0.0,0.0,0.0,5.706702184677124,6.3255797863006595,6.656384468078613,6.974066066741943,7.385869026184082
2028-06,2028-06-01,global_mlp,2026-03,8.641441,0.051134143024683,6.605884552001953,False,0.0,0.0,external_power_zero,Sleipner A,,False,0.013264865614473823,0.03554773107171058,0.051134143024683,0.0699146069586277,0.10275267958641053,0.0,0.0,0.0,0.0,0.0,5.612091827392578,6.264157390594482,6.605884552001953,6.91292667388916,7.356791210174561
2028-07,2028-07-01,global_mlp,2026-03,8.641441,0.05130474455654621,6.5499114990234375,False,0.0,0.0,external_power_zero,Sleipner A,,False,0.01506753219291568,0.03681326434016228,0.05130474455654621,0.06905841529369354,0.09853980019688607,0.0,0.0,0.0,0.0,0.0,5.541803884506225,6.197334718704224,6.5499114990234375,6.867280673980712,7.318979644775391
2028-08,2028-08-01,global_mlp,2026-03,8.641441,0.048420196399092674,6.500424385070801,False,0.0,0.0,external_power_zero,Sleipner A,,False,0.01417424725368619,0.03391054570674896,0.048420196399092674,0.06476718112826346,0.09639038890600206,0.0,0.0,0.0,0.0,0.0,5.453473329544068,6.128793239593506,6.500424385070801,6.835630846023559,7.292598485946656
2028-09,2028-09-01,global_mlp,2026-03,8.641441,0.04895443469285965,6.4415671825408936,False,0.0,0.0,external_power_zero,Sleipner A,,False,0.011699992232024671,0.03313438668847084,0.04895443469285965,0.06964889764785763,0.09727705121040346,0.0,0.0,0.0,0.0,0.0,5.315669536590576,6.063177585601807,6.4415671825408936,6.794390773773193,7.268087530136109
2028-10,2028-10-01,global_mlp,2026-03,8.641441,0.046357281506061554,6.386934995651245,False,0.0,0.0,external_power_zero,Sleipner A,,False,0.009085870068520309,0.03109716419130563,0.046357281506061554,0.06633277237415314,0.09994306564331058,0.0,0.0,0.0,0.0,0.0,5.240003204345704,5.99549708366394,6.386934995651245,6.761581659317017,7.259379100799561
2028-11,2028-11-01,global_mlp,2026-03,8.641441,0.04735156148672104,6.335834503173828,False,0.0,0.0,external_power_zero,Sleipner A,,False,0.006418259441852569,0.03230095393955707,0.04735156148672104,0.0659616820514202,0.10004970878362658,0.0,0.0,0.0,0.0,0.0,5.158916902542114,5.9178999900817875,6.335834503173828,6.718671035766602,7.230342864990234
2028-12,2028-12-01,global_mlp,2026-03,8.641441,0.04943983815610409,6.282923698425293,False,0.0,0.0,external_power_zero,Sleipner A,,False,0.0065894152503460654,0.030066175758838652,0.04943983815610409,0.06653266176581382,0.10483803227543832,0.0,0.0,0.0,0.0,0.0,5.07199764251709,5.859610557556152,6.282923698425293,6.692174005508423,7.204395961761475
2029-01,2029-01-01,global_mlp,2026-03,8.641441,0.045030539855360985,6.228281021118164,False,0.0,0.0,external_power_zero,Sleipner A,,False,0.006625042902305725,0.030330924503505226,0.045030539855360985,0.06861443743109702,0.10800813958048824,0.0,0.0,0.0,0.0,0.0,4.960442590713501,5.803693246841431,6.228281021118164,6.663333892822266,7.192510080337525
2029-02,2029-02-01,global_mlp,2026-03,8.641441,0.04467456415295601,6.187751770019531,False,0.0,0.0,external_power_zero,Sleipner A,,False,0.002556193363852799,0.029820763133466245,0.04467456415295601,0.06471339166164397,0.10419218838214876,0.0,0.0,0.0,0.0,0.0,4.859455394744873,5.745466899871826,6.187751770019531,6.637379455566406,7.185777187347412
2029-03,2029-03-01,global_mlp,2026-03,8.641441,0.040082721039652824,6.138706207275391,False,0.0,0.0,external_power_zero,Sleipner A,,False,0.0,0.024960638955235474,0.040082721039652824,0.060041005536913855,0.10039886608719827,0.0,0.0,0.0,0.0,0.0,4.75824933052063,5.6730170249938965,6.138706207275391,6.6043566226959225,7.156144905090332
2029-04,2029-04-01,global_mlp,2026-03,8.641441,0.03554561920464039,6.0951361656188965,False,0.0,0.0,external_power_zero,Sleipner A,,False,0.007816460495814683,0.023366646096110343,0.03554561920464039,0.050835613906383484,0.08403778970241547,0.0,0.0,0.0,0.0,0.0,4.660020637512207,5.65369725227356,6.0951361656188965,6.566969966888427,7.129916572570801
2029-05,2029-05-01,global_mlp,2026-03,8.641441,0.03794378787279129,6.067195892333984,False,0.0,0.0,external_power_zero,Sleipner A,,False,0.010927681066095828,0.025105641409754752,0.03794378787279129,0.05637780167162417,0.08431823998689655,0.0,0.0,0.0,0.0,0.0,4.591448736190796,5.600805950164795,6.067195892333984,6.535353708267212,7.114541292190552
2029-06,2029-06-01,global_mlp,2026-03,8.641441,0.034770114347338676,6.027879238128662,False,0.0,0.0,external_power_zero,Sleipner A,,False,0.006280252244323496,0.022860341891646384,0.034770114347338676,0.05141749717295169,0.08311787843704224,0.0,0.0,0.0,0.0,0.0,4.5256585597991945,5.557772397994995,6.027879238128662,6.502093124389648,7.090463447570801
2029-07,2029-07-01,global_mlp,2026-03,8.641441,0.03653041832149029,5.997628927230835,False,0.0,0.0,external_power_zero,Sleipner A,,False,0.005113449459895498,0.021148845925927157,0.03653041832149029,0.05233694836497306,0.08372716829180718,0.0,0.0,0.0,0.0,0.0,4.471186923980713,5.505009889602661,5.997628927230835,6.466249942779541,7.073776912689209
2029-08,2029-08-01,global_mlp,2026-03,8.641441,0.033348117023706436,5.959566116333008,False,0.0,0.0,external_power_zero,Sleipner A,,False,0.00555052487179637,0.020652551390230655,0.033348117023706436,0.05146391876041888,0.07964845150709154,0.0,0.0,0.0,0.0,0.0,4.380202722549439,5.459446859359741,5.959566116333008,6.440222644805908,7.047848224639893
2029-09,2029-09-01,global_mlp,2026-03,8.641441,0.03243710845708847,5.912724494934082,False,0.0,0.0,external_power_zero,Sleipner A,,False,0.002398538496345284,0.01849302891641855,0.03243710845708847,0.049449207261204706,0.07899516597390176,0.0,0.0,0.0,0.0,0.0,4.306343364715576,5.428352308273316,5.912724494934082,6.418976831436157,7.013527297973634
2029-10,2029-10-01,global_mlp,2026-03,8.641441,0.03185492753982544,5.8811469078063965,False,0.0,0.0,external_power_zero,Sleipner A,,False,0.0005644653632771224,0.01714718881994486,0.03185492753982544,0.04730598442256451,0.0825745612382889,0.0,0.0,0.0,0.0,0.0,4.2161522865295415,5.36523289680481,5.8811469078063965,6.398677396774292,6.975943136215211
2029-11,2029-11-01,global_mlp,2026-03,8.641441,0.033432409167289734,5.844709634780884,False,0.0,0.0,external_power_zero,Sleipner A,,False,0.0004237203858792787,0.01807244010269642,0.033432409167289734,0.050563587248325347,0.0838762514293194,0.0,0.0,0.0,0.0,0.0,4.12769718170166,5.313507318496704,5.844709634780884,6.369358015060425,6.949495458602906
2029-12,2029-12-01,global_mlp,2026-03,8.641441,0.031591424718499184,5.81976580619812,False,0.0,0.0,external_power_zero,Sleipner A,,False,0.0,0.018942949362099167,0.031591424718499184,0.04783630073070526,0.08103971481323245,0.0,0.0,0.0,0.0,0.0,4.04166226387024,5.2585056781768795,5.81976580619812,6.3379597663879395,6.927254724502564
2030-01,2030-01-01,global_mlp,2026-03,8.641441,0.03446523658931255,5.787984609603882,False,0.0,0.0,external_power_zero,Sleipner A,,False,0.0,0.018255832418799398,0.03446523658931255,0.04827793203294277,0.08034288808703426,0.0,0.0,0.0,0.0,0.0,3.9524279594421388,5.219978094100952,5.787984609603882,6.311796522140503,6.896470451354981
2030-02,2030-02-01,global_mlp,2026-03,8.641441,0.03306932747364044,5.7669782638549805,False,0.0,0.0,external_power_zero,Sleipner A,,False,0.0,0.0170266430824995,0.03306932747364044,0.04900183230638504,0.07912962883710863,0.0,0.0,0.0,0.0,0.0,3.880595946311951,5.168076610565185,5.7669782638549805,6.287273931503296,6.874278163909912
2030-03,2030-03-01,global_mlp,2026-03,8.641441,0.028837566263973713,5.747760057449341,False,0.0,0.0,external_power_zero,Sleipner A,,False,0.0,0.01361967986449599,0.028837566263973713,0.04630082137882708,0.08206965997815133,0.0,0.0,0.0,0.0,0.0,3.8096642017364504,5.123279237747193,5.747760057449341,6.274986505508423,6.871878337860108
2030-04,2030-04-01,global_mlp,2026-03,8.641441,0.023123656399548054,5.715970277786255,False,0.0,0.0,external_power_zero,Sleipner A,,False,0.0024942085379734643,0.014672585763037203,0.023123656399548054,0.03866891302168368,0.07361166700720788,0.0,0.0,0.0,0.0,0.0,3.744162583351135,5.072426605224609,5.715970277786255,6.245615911483764,6.85612006187439
2030-05,2030-05-01,global_mlp,2026-03,8.641441,0.026858246885240078,5.700854539871216,False,0.0,0.0,external_power_zero,Sleipner A,,False,0.0030342319980263734,0.017066816240549086,0.026858246885240078,0.04058060757815836,0.06893204599618913,0.0,0.0,0.0,0.0,0.0,3.6724732637405397,5.025172090530395,5.700854539871216,6.22221999168396,6.821039867401123
2030-06,2030-06-01,global_mlp,2026-03,8.641441,0.026389856822788715,5.6610682010650635,False,0.0,0.0,external_power_zero,Sleipner A,,False,0.0034263427369296555,0.017358817346394058,0.026389856822788715,0.03975509293377399,0.07167835831642153,0.0,0.0,0.0,0.0,0.0,3.614297795295715,4.9891770362854,5.6610682010650635,6.191141653060912,6.807368087768555
2030-07,2030-07-01,global_mlp,2026-03,8.641441,0.02538649830967188,5.631087064743042,False,0.0,0.0,external_power_zero,Sleipner A,,False,0.0026976729976013305,0.015409083664417266,0.02538649830967188,0.039263278618454925,0.06705608442425728,0.0,0.0,0.0,0.0,0.0,3.5789065361022954,4.948750448226929,5.631087064743042,6.1751684665679925,6.803331136703491
2030-08,2030-08-01,global_mlp,2026-03,8.641441,0.02514777984470129,5.593988418579102,False,0.0,0.0,external_power_zero,Sleipner A,,False,0.0005306483362801407,0.012738995440304275,0.02514777984470129,0.03889186941087246,0.06802218109369278,0.0,0.0,0.0,0.0,0.0,3.5305600881576544,4.915416097640991,5.593988418579102,6.162197875976562,6.792889785766602
2030-09,2030-09-01,global_mlp,2026-03,8.641441,0.024564705789089203,5.565685033798218,False,0.0,0.0,external_power_zero,Sleipner A,,False,0.0,0.012272035516798495,0.024564705789089203,0.03878756165504455,0.07381419613957407,0.0,0.0,0.0,0.0,0.0,3.4567504405975344,4.881310081481933,5.565685033798218,6.1470095157623295,6.781824016571045
2030-10,2030-10-01,global_mlp,2026-03,8.641441,0.022751047275960445,5.539626598358154,False,0.0,0.0,external_power_zero,Sleipner A,,False,0.0,0.011924165766686201,0.022751047275960445,0.03627311848103999,0.07164533883333207,0.0,0.0,0.0,0.0,0.0,3.4297650814056397,4.853871917724609,5.539626598358154,6.118228435516357,6.762456512451172
2030-11,2030-11-01,global_mlp,2026-03,8.641441,0.024409649893641472,5.512054920196533,False,0.0,0.0,external_power_zero,Sleipner A,,False,0.0,0.01400112137198448,0.024409649893641472,0.03977635242044924,0.07236848175525666,0.0,0.0,0.0,0.0,0.0,3.367605972290039,4.809189367294311,5.512054920196533,6.107145357131958,6.757762098312378
2030-12,2030-12-01,global_mlp,2026-03,8.641441,0.02440694347023964,5.484710693359375,False,0.0,0.0,external_power_zero,Sleipner A,,False,0.0,0.011789238918572661,0.02440694347023964,0.03914537020027636,0.06812419593334199,0.0,0.0,0.0,0.0,0.0,3.3445631980896,4.776407766342163,5.484710693359375,6.08644437789917,6.740605068206787
2031-01,2031-01-01,global_mlp,2026-03,8.641441,0.024495855905115604,5.449507474899292,False,0.0,0.0,external_power_zero,Sleipner A,,False,0.0,0.011273674666881561,0.024495855905115604,0.03780149072408674,0.06911537498235705,0.0,0.0,0.0,0.0,0.0,3.321494340896607,4.737554883956909,5.449507474899292,6.0484466552734375,6.729239797592163
2031-02,2031-02-01,global_mlp,2026-03,8.641441,0.02223507408052683,5.420248746871948,False,0.0,0.0,external_power_zero,Sleipner A,,False,0.0,0.009366452693939209,0.02223507408052683,0.03976836204528809,0.0680387705564499,0.0,0.0,0.0,0.0,0.0,3.2772163391113285,4.707535696029663,5.420248746871948,6.02337532043457,6.711961841583252
2031-03,2031-03-01,global_mlp,2026-03,8.641441,0.020159595645964146,5.400902509689331,False,0.0,0.0,external_power_zero,Sleipner A,,False,0.0,0.009906152356415987,0.020159595645964146,0.03375475592911243,0.06416473314166071,0.0,0.0,0.0,0.0,0.0,3.1834747314453127,4.6690655708312985,5.400902509689331,6.018085813522338,6.6848921298980715
2031-04,2031-04-01,global_mlp,2026-03,8.641441,0.01960792951285839,5.372408628463745,False,0.0,0.0,external_power_zero,Sleipner A,,False,0.0,0.011728504672646523,0.01960792951285839,0.02927498463541269,0.05553545616567137,0.0,0.0,0.0,0.0,0.0,3.156903004646302,4.6360711574554445,5.372408628463745,6.006527519226074,6.664594936370849
2031-05,2031-05-01,global_mlp,2026-03,8.641441,0.02143589686602354,5.340472936630249,False,0.0,0.0,external_power_zero,Sleipner A,,False,0.0,0.012829163763672113,0.02143589686602354,0.032811916992068285,0.05621507652103903,0.0,0.0,0.0,0.0,0.0,3.1033195018768316,4.620237684249878,5.340472936630249,5.980917835235595,6.637478923797608
2031-06,2031-06-01,global_mlp,2026-03,8.641441,0.020307444036006927,5.308563947677612,False,0.0,0.0,external_power_zero,Sleipner A,,False,0.0,0.011728725675493478,0.020307444036006927,0.03084725122898817,0.05289502404630184,0.0,0.0,0.0,0.0,0.0,3.048754930496216,4.6035888671875,5.308563947677612,5.954715919494629,6.620880413055421
2031-07,2031-07-01,global_mlp,2026-03,8.641441,0.019872235134243965,5.275960206985474,False,0.0,0.0,external_power_zero,Sleipner A,,False,0.0,0.010433438699692486,0.019872235134243965,0.03138677589595318,0.051168272644281386,0.0,0.0,0.0,0.0,0.0,2.989548850059509,4.570074987411499,5.275960206985474,5.921785259246825,6.6047741889953615
2031-08,2031-08-01,global_mlp,2026-03,8.641441,0.01643799338489771,5.264763355255127,False,0.0,0.0,external_power_zero,Sleipner A,,False,0.0,0.008863121364265678,0.01643799338489771,0.027594657056033606,0.051128268241882366,0.0,0.0,0.0,0.0,0.0,2.9513612747192384,4.537337207794189,5.264763355255127,5.915024375915527,6.582041168212891
2031-09,2031-09-01,global_mlp,2026-03,8.641441,0.02006613090634346,5.231716156005859,False,0.0,0.0,external_power_zero,Sleipner A,,False,0.0,0.009176360163837669,0.02006613090634346,0.02959709521383046,0.05393202491104604,0.0,0.0,0.0,0.0,0.0,2.9170457601547244,4.518655157089233,5.231716156005859,5.888798332214355,6.579682350158691
2031-10,2031-10-01,global_mlp,2026-03,8.641441,0.01598451379686594,5.203160762786865,False,0.0,0.0,external_power_zero,Sleipner A,,False,0.0,0.005283405538648366,0.01598451379686594,0.026998076960444446,0.04866114407777791,0.0,0.0,0.0,0.0,0.0,2.871109676361084,4.489409732818603,5.203160762786865,5.875246238708496,6.569145679473877
2031-11,2031-11-01,global_mlp,2026-03,8.641441,0.01685166545212269,5.182999849319458,False,0.0,0.0,external_power_zero,Sleipner A,,False,0.0,0.006825235625728965,0.01685166545212269,0.03003302495926618,0.051518351212143904,0.0,0.0,0.0,0.0,0.0,2.810918474197388,4.452843809127807,5.182999849319458,5.855413103103637,6.546568012237549
2031-12,2031-12-01,global_mlp,2026-03,8.641441,0.017364047467708588,5.169617414474487,False,0.0,0.0,external_power_zero,Sleipner A,,False,0.0,0.007240007305517792,0.017364047467708588,0.02763282991945743,0.050211163982748996,0.0,0.0,0.0,0.0,0.0,2.7543315172195437,4.421107196807861,5.169617414474487,5.834512567520141,6.515042400360108
2032-01,2032-01-01,global_mlp,2026-03,8.641441,0.019332965835928917,5.140204906463623,False,0.0,0.0,external_power_zero,Sleipner A,,False,0.0,0.0069631746504455775,0.019332965835928917,0.02979316283017396,0.05261358767747879,0.0,0.0,0.0,0.0,0.0,2.717991828918457,4.407487249374389,5.140204906463623,5.8141930103302,6.495850467681885
2032-02,2032-02-01,global_mlp,2026-03,8.641441,0.01978958211839199,5.121435165405273,False,0.0,0.0,external_power_zero,Sleipner A,,False,0.0,0.008759069256484505,0.01978958211839199,0.02902956940233707,0.05459367483854294,0.0,0.0,0.0,0.0,0.0,2.701625514030457,4.386109304428101,5.121435165405273,5.789799404144287,6.493703079223633
2032-03,2032-03-01,global_mlp,2026-03,8.641441,0.014970197342336178,5.101383209228516,False,0.0,0.0,external_power_zero,Sleipner A,,False,0.0,0.0047250259667634955,0.014970197342336178,0.028218884021043767,0.04791212752461435,0.0,0.0,0.0,0.0,0.0,2.6825087547302244,4.3685526847839355,5.101383209228516,5.7628673076629635,6.485560560226441
2032-04,2032-04-01,global_mlp,2026-03,8.641441,0.0167922992259264,5.086294412612915,False,0.0,0.0,external_power_zero,Sleipner A,,False,0.0,0.00914254058152437,0.0167922992259264,0.025307059288024895,0.04717356525361538,0.0,0.0,0.0,0.0,0.0,2.6604273557662963,4.349050235748291,5.086294412612915,5.734043312072754,6.458621644973755
2032-05,2032-05-01,global_mlp,2026-03,8.641441,0.018879305571317673,5.042783498764038,False,0.0,0.0,external_power_zero,Sleipner A,,False,0.0,0.011088127084076404,0.018879305571317673,0.029383222945034503,0.0457140650600195,0.0,0.0,0.0,0.0,0.0,2.6484408855438235,4.322722053527832,5.042783498764038,5.716216039657592,6.43443717956543
2032-06,2032-06-01,global_mlp,2026-03,8.641441,0.018236108124256134,4.9974682331085205,False,0.0,0.0,external_power_zero,Sleipner A,,False,0.0,0.010087501537054776,0.018236108124256134,0.0263406578451395,0.050096384808421136,0.0,0.0,0.0,0.0,0.0,2.603795552253723,4.304426145553589,4.9974682331085205,5.703030776977538,6.410940361022949
2032-07,2032-07-01,global_mlp,2026-03,8.641441,0.016040622256696224,4.985198259353638,False,0.0,0.0,external_power_zero,Sleipner A,,False,0.0,0.00882185762748122,0.016040622256696224,0.025600536167621608,0.04733292572200299,0.0,0.0,0.0,0.0,0.0,2.5618288516998295,4.291182613372802,4.985198259353638,5.678448724746704,6.405984258651733
2032-08,2032-08-01,global_mlp,2026-03,8.641441,0.015865979716181755,4.9579057693481445,False,0.0,0.0,external_power_zero,Sleipner A,,False,0.0,0.007180189248174429,0.015865979716181755,0.025415340997278688,0.04391051307320595,0.0,0.0,0.0,0.0,0.0,2.5272798538208012,4.2552752017974855,4.9579057693481445,5.653048181533813,6.396956539154052
2032-09,2032-09-01,global_mlp,2026-03,8.641441,0.016623957082629204,4.947489261627197,False,0.0,0.0,external_power_zero,Sleipner A,,False,0.0,0.007774805556982755,0.016623957082629204,0.02680018059909343,0.04792811498045922,0.0,0.0,0.0,0.0,0.0,2.504675698280335,4.230174493789673,4.947489261627197,5.63567132949829,6.390621614456177
2032-10,2032-10-01,global_mlp,2026-03,8.641441,0.013229355216026306,4.941558599472046,False,0.0,0.0,external_power_zero,Sleipner A,,False,0.0,0.00468022683635354,0.013229355216026306,0.022121226415038088,0.045392054319381724,0.0,0.0,0.0,0.0,0.0,2.469577479362488,4.22354564666748,4.941558599472046,5.615480804443359,6.384720182418824
2032-11,2032-11-01,global_mlp,2026-03,8.641441,0.013991841580718756,4.935102462768555,False,0.0,0.0,external_power_zero,Sleipner A,,False,0.0,0.003639918728731572,0.013991841580718756,0.026737773232161987,0.04852976910769941,0.0,0.0,0.0,0.0,0.0,2.4100763320922853,4.20459508895874,4.935102462768555,5.603578662872314,6.3710283756256105
2032-12,2032-12-01,global_mlp,2026-03,8.641441,0.013911102898418903,4.92300271987915,False,0.0,0.0,external_power_zero,Sleipner A,,False,0.0,0.005388163216412067,0.013911102898418903,0.024320612289011476,0.04443558268249035,0.0,0.0,0.0,0.0,0.0,2.389902567863465,4.1617591381073,4.92300271987915,5.5904594421386715,6.356941556930542
2033-01,2033-01-01,global_mlp,2026-03,8.641441,0.015592473093420267,4.906965017318726,False,0.0,0.0,external_power_zero,Sleipner A,,False,0.0,0.004946857178583741,0.015592473093420267,0.02786840088665484,0.04960306845605376,0.0,0.0,0.0,0.0,0.0,2.369577813148499,4.112983751296997,4.906965017318726,5.582302618026733,6.356643581390381
2033-02,2033-02-01,global_mlp,2026-03,8.641441,0.015117053873836994,4.880330324172974,False,0.0,0.0,external_power_zero,Sleipner A,,False,0.0,0.006714130425825715,0.015117053873836994,0.027374792844057073,0.051684273406863226,0.0,0.0,0.0,0.0,0.0,2.343732571601868,4.084465217590331,4.880330324172974,5.570215272903442,6.349948930740356
2033-03,2033-03-01,global_mlp,2026-03,8.641441,0.0147338449023664,4.8648223876953125,False,0.0,0.0,external_power_zero,Sleipner A,,False,0.0,0.003368576336652038,0.0147338449023664,0.026809491030871845,0.05030735954642297,0.0,0.0,0.0,0.0,0.0,2.307434129714966,4.051951169967651,4.8648223876953125,5.537401342391967,6.341959476470947
2033-04,2033-04-01,global_mlp,2026-03,8.641441,0.016787157393991947,4.842396259307861,False,0.0,0.0,external_power_zero,Sleipner A,,False,0.0,0.00923252087086439,0.016787157393991947,0.02435433659702539,0.04833231382071972,0.0,0.0,0.0,0.0,0.0,2.2411730289459233,4.015136480331421,4.842396259307861,5.51985969543457,6.329603624343872
2033-05,2033-05-01,global_mlp,2026-03,8.641441,0.017404131591320038,4.821065902709961,False,0.0,0.0,external_power_zero,Sleipner A,,False,0.0,0.007190649211406707,0.017404131591320038,0.027973017282783976,0.049767977744340906,0.0,0.0,0.0,0.0,0.0,2.235008025169373,3.997049856185913,4.821065902709961,5.502667379379272,6.318243169784546
2033-06,2033-06-01,global_mlp,2026-03,8.641441,0.016043968498706818,4.806040525436401,False,0.0,0.0,external_power_zero,Sleipner A,,False,0.0,0.007717991387471556,0.016043968498706818,0.02667610254138708,0.04730727784335613,0.0,0.0,0.0,0.0,0.0,2.1832647323608403,3.9860989332199095,4.806040525436401,5.485130023956298,6.3010069847106935
2033-07,2033-07-01,global_mlp,2026-03,8.641441,0.015019552782177925,4.792679786682129,False,0.0,0.0,external_power_zero,Sleipner A,,False,0.0,0.00662863957695663,0.015019552782177925,0.02374842129647731,0.04440503604710102,0.0,0.0,0.0,0.0,0.0,2.171283555030823,3.966500186920166,4.792679786682129,5.48093934059143,6.264529848098755
2033-08,2033-08-01,global_mlp,2026-03,8.641441,0.012901303824037313,4.774454355239868,False,0.0,0.0,external_power_zero,Sleipner A,,False,0.0,0.004813059978187083,0.012901303824037313,0.023862910084426387,0.04244655705988408,0.0,0.0,0.0,0.0,0.0,2.16617443561554,3.945112633705139,4.774454355239868,5.463937187194824,6.240686702728271
2033-09,2033-09-01,global_mlp,2026-03,8.641441,0.012774646747857332,4.761633634567261,False,0.0,0.0,external_power_zero,Sleipner A,,False,0.0,0.004722823575139043,0.012774646747857332,0.025157963670790193,0.04570573605597022,0.0,0.0,0.0,0.0,0.0,2.152333593368531,3.92393844127655,4.761633634567261,5.450027036666869,6.222576665878296
2033-10,2033-10-01,global_mlp,2026-03,8.641441,0.01046314975246787,4.754584789276123,False,0.0,0.0,external_power_zero,Sleipner A,,False,0.0,0.0019667025189846732,0.01046314975246787,0.021596230939030642,0.04277928806841374,0.0,0.0,0.0,0.0,0.0,2.117223405838013,3.9021846294403075,4.754584789276123,5.438206481933594,6.210052156448365
2033-11,2033-11-01,global_mlp,2026-03,8.641441,0.0129680042155087,4.738670110702515,False,0.0,0.0,external_power_zero,Sleipner A,,False,0.0,0.0028876845724880693,0.0129680042155087,0.022721121087670323,0.042331247404217724,0.0,0.0,0.0,0.0,0.0,2.1097522735595704,3.878483963012695,4.738670110702515,5.427224397659302,6.2001386165618895
2033-12,2033-12-01,global_mlp,2026-03,8.641441,0.012172828894108534,4.708808422088623,False,0.0,0.0,external_power_zero,Sleipner A,,False,0.0,0.002552403439767655,0.012172828894108534,0.022585794143378732,0.043792944401502616,0.0,0.0,0.0,0.0,0.0,2.062810564041138,3.8621979951858516,4.708808422088623,5.4154294490814205,6.189090156555176
2034-01,2034-01-01,global_mlp,2026-03,8.641441,0.013664249796420336,4.696555137634277,False,0.0,0.0,external_power_zero,Sleipner A,,False,0.0,0.0024727316806092857,0.013664249796420336,0.025491312891244886,0.04891841895878318,0.0,0.0,0.0,0.0,0.0,2.055484676361085,3.8399281740188598,4.696555137634277,5.394701623916625,6.168490409851074
2034-02,2034-02-01,global_mlp,2026-03,8.641441,0.013828116469085217,4.675039052963257,False,0.0,0.0,external_power_zero,Sleipner A,,False,0.0,0.0014736487879417834,0.013828116469085217,0.02542647626250982,0.04741022735834123,0.0,0.0,0.0,0.0,0.0,2.041573786735535,3.818297243118286,4.675039052963257,5.370727300643921,6.156673383712769
2034-03,2034-03-01,global_mlp,2026-03,8.641441,0.011866479646414518,4.650631427764893,False,0.0,0.0,external_power_zero,Sleipner A,,False,0.0,0.0010255314235109822,0.011866479646414518,0.022401118464767927,0.04403556287288666,0.0,0.0,0.0,0.0,0.0,2.020657670497895,3.7893739223480223,4.650631427764893,5.351008415222168,6.134124708175659
2034-04,2034-04-01,global_mlp,2026-03,8.641441,0.013920620549470186,4.639098644256592,False,0.0,0.0,external_power_zero,Sleipner A,,False,0.0,0.006601513642817735,0.013920620549470186,0.02326206527650356,0.03864470608532429,0.0,0.0,0.0,0.0,0.0,1.9999695539474491,3.7784599781036374,4.639098644256592,5.337532997131348,6.121483564376832
2034-05,2034-05-01,global_mlp,2026-03,8.641441,0.016490002162754536,4.617186069488525,False,0.0,0.0,external_power_zero,Sleipner A,,False,0.0,0.007754199020564554,0.016490002162754536,0.025254466012120245,0.04173224642872812,0.0,0.0,0.0,0.0,0.0,1.9654670119285584,3.7615991592407223,4.617186069488525,5.308732271194458,6.1124268054962165
2034-06,2034-06-01,global_mlp,2026-03,8.641441,0.014899956993758678,4.583599328994751,False,0.0,0.0,external_power_zero,Sleipner A,,False,0.0,0.006877155927941202,0.014899956993758678,0.02428225241601467,0.04536057859659196,0.0,0.0,0.0,0.0,0.0,1.9306145310401917,3.725770092010498,4.583599328994751,5.292813158035278,6.091536569595338
2034-07,2034-07-01,global_mlp,2026-03,8.641441,0.013939529191702604,4.564982891082764,False,0.0,0.0,external_power_zero,Sleipner A,,False,0.0,0.0065283502452075474,0.013939529191702604,0.022930198907852167,0.0431774761527777,0.0,0.0,0.0,0.0,0.0,1.923201394081116,3.7007752180099485,4.564982891082764,5.2783863067626955,6.078851509094238
2034-08,2034-08-01,global_mlp,2026-03,8.641441,0.013308509718626738,4.554133892059326,False,0.0,0.0,external_power_zero,Sleipner A,,False,0.0,0.005073340004310011,0.013308509718626738,0.023303809575736523,0.039691531658172616,0.0,0.0,0.0,0.0,0.0,1.8866378545761109,3.686780023574829,4.554133892059326,5.261577749252319,6.031006765365601
2034-09,2034-09-01,global_mlp,2026-03,8.641441,0.013212377671152353,4.547559022903442,False,0.0,0.0,external_power_zero,Sleipner A,,False,0.0,0.00475431242957711,0.013212377671152353,0.021576906740665425,0.041660964861512204,0.0,0.0,0.0,0.0,0.0,1.8585982561111452,3.6639896869659423,4.547559022903442,5.241588735580445,6.021160840988159
2034-10,2034-10-01,global_mlp,2026-03,8.641441,0.009732337668538094,4.5336315631866455,False,0.0,0.0,external_power_zero,Sleipner A,,False,0.0,0.0,0.009732337668538094,0.01982797775417566,0.04209243357181549,0.0,0.0,0.0,0.0,0.0,1.8360710620880127,3.6526763439178467,4.5336315631866455,5.237917423248291,6.01586127281189
2034-11,2034-11-01,global_mlp,2026-03,8.641441,0.010504043661057949,4.503702402114868,False,0.0,0.0,external_power_zero,Sleipner A,,False,0.0,0.002092341822572052,0.010504043661057949,0.02079349644482135,0.0429370440542698,0.0,0.0,0.0,0.0,0.0,1.8342770338058474,3.639247751235962,4.503702402114868,5.232655811309814,6.006105279922485
2034-12,2034-12-01,global_mlp,2026-03,8.641441,0.012646264862269163,4.475742340087891,False,0.0,0.0,external_power_zero,Sleipner A,,False,0.0,0.003345547430217265,0.012646264862269163,0.022404992207884784,0.043886516988277446,0.0,0.0,0.0,0.0,0.0,1.8259067893028262,3.6315995693206786,4.475742340087891,5.207462930679321,5.990011310577393
2035-01,2035-01-01,global_mlp,2026-03,8.641441,0.012559360824525356,4.463865756988525,False,0.0,0.0,external_power_zero,Sleipner A,,False,0.0,0.0020364086842164396,0.012559360824525356,0.02385422773659229,0.04421238154172899,0.0,0.0,0.0,0.0,0.0,1.8054591298103333,3.6055469512939453,4.463865756988525,5.188642787933349,5.975498867034912
2035-02,2035-02-01,global_mlp,2026-03,8.641441,0.013326599262654781,4.450856924057007,False,0.0,0.0,external_power_zero,Sleipner A,,False,0.0,0.002785085374489426,0.013326599262654781,0.024104133248329156,0.04828261211514474,0.0,0.0,0.0,0.0,0.0,1.7819252848625182,3.569776749610901,4.450856924057007,5.178449487686157,5.942699718475342
2035-03,2035-03-01,global_mlp,2026-03,8.641441,0.011022581718862057,4.434966087341309,False,0.0,0.0,external_power_zero,Sleipner A,,False,0.0,0.0,0.011022581718862057,0.021226828172802917,0.04191485568881035,0.0,0.0,0.0,0.0,0.0,1.7595425248146057,3.5541544198989867,4.434966087341309,5.172184991836548,5.937966299057007
2035-04,2035-04-01,global_mlp,2026-03,8.641441,0.01411652285605669,4.40785026550293,False,0.0,0.0,external_power_zero,Sleipner A,,False,0.0,0.006611898727715015,0.01411652285605669,0.023389828018844122,0.03909666389226915,0.0,0.0,0.0,0.0,0.0,1.739839243888855,3.5301780223846437,4.40785026550293,5.156590747833252,5.910660600662232
2035-05,2035-05-01,global_mlp,2026-03,8.641441,0.015115976333618164,4.372898817062378,False,0.0,0.0,external_power_zero,Sleipner A,,False,0.0,0.0076583765447139724,0.015115976333618164,0.023657746613025665,0.03827212713658811,0.0,0.0,0.0,0.0,0.0,1.712663173675537,3.4929256677627563,4.372898817062378,5.141855716705322,5.89550290107727
2035-06,2035-06-01,global_mlp,2026-03,8.641441,0.014075686689466238,4.355473518371582,False,0.0,0.0,external_power_zero,Sleipner A,,False,0.0,0.0066198828630149335,0.014075686689466238,0.023614955879747858,0.03817986994981766,0.0,0.0,0.0,0.0,0.0,1.695274043083191,3.476335573196411,4.355473518371582,5.125281476974487,5.872954225540161
2035-07,2035-07-01,global_mlp,2026-03,8.641441,0.013157589826732874,4.345150709152222,False,0.0,0.0,external_power_zero,Sleipner A,,False,0.0,0.006066760141402483,0.013157589826732874,0.021448554843664168,0.03765867650508881,0.0,0.0,0.0,0.0,0.0,1.6827525973320008,3.463667774200439,4.345150709152222,5.124683809280396,5.8527556419372555
2035-08,2035-08-01,global_mlp,2026-03,8.641441,0.011847388930618763,4.333411455154419,False,0.0,0.0,external_power_zero,Sleipner A,,False,0.0,0.0059666231274604796,0.011847388930618763,0.020307005383074284,0.03791918084025384,0.0,0.0,0.0,0.0,0.0,1.6763862133026124,3.444018769264221,4.333411455154419,5.114416456222534,5.838786983489991
2035-09,2035-09-01,global_mlp,2026-03,8.641441,0.012854850850999355,4.314846515655518,False,0.0,0.0,external_power_zero,Sleipner A,,False,0.0,0.004251310601830482,0.012854850850999355,0.020066171884536726,0.04014408178627491,0.0,0.0,0.0,0.0,0.0,1.671165943145752,3.4307724714279173,4.314846515655518,5.091476726531982,5.836643552780152
2035-10,2035-10-01,global_mlp,2026-03,8.641441,0.010450128931552172,4.2988104820251465,False,0.0,0.0,external_power_zero,Sleipner A,,False,0.0,0.0006278187967836845,0.010450128931552172,0.0203673880547285,0.03887981064617635,0.0,0.0,0.0,0.0,0.0,1.6546107411384583,3.4194758892059327,4.2988104820251465,5.07552056312561,5.8283007621765135
2035-11,2035-11-01,global_mlp,2026-03,8.641441,0.011774106416851282,4.289544105529785,False,0.0,0.0,external_power_zero,Sleipner A,,False,0.0,0.0013711285660974665,0.011774106416851282,0.022501789964735508,0.04001949690282345,0.0,0.0,0.0,0.0,0.0,1.630745816230774,3.398452091217041,4.289544105529785,5.05297703742981,5.79225287437439
2035-12,2035-12-01,global_mlp,2026-03,8.641441,0.011050731409341097,4.277617454528809,False,0.0,0.0,external_power_zero,Sleipner A,,False,0.0,0.0014115759520791466,0.011050731409341097,0.022339190170168874,0.0386248391121626,0.0,0.0,0.0,0.0,0.0,1.6165567636489868,3.3793806076049804,4.277617454528809,5.04216022491455,5.786794900894165
2036-01,2036-01-01,global_mlp,2026-03,8.641441,0.011402321979403496,4.263894319534302,False,0.0,0.0,external_power_zero,Sleipner A,,False,0.0,0.0005935371038503937,0.011402321979403496,0.021242216415703292,0.04265878498554231,0.0,0.0,0.0,0.0,0.0,1.6067281365394592,3.3581999778747558,4.263894319534302,5.034940385818481,5.759038209915161
2036-02,2036-02-01,global_mlp,2026-03,8.641441,0.01097773015499115,4.253849983215332,False,0.0,0.0,external_power_zero,Sleipner A,,False,0.0,0.00017931989859789582,0.01097773015499115,0.020770945027470577,0.040303137898445134,0.0,0.0,0.0,0.0,0.0,1.5820160627365112,3.340454363822937,4.253849983215332,5.00570650100708,5.7339735507965095
2036-03,2036-03-01,global_mlp,2026-03,8.641441,0.00838919309899211,4.2328102588653564,False,0.0,0.0,external_power_zero,Sleipner A,,False,0.0,0.0,0.00838919309899211,0.019588412903249263,0.037887645140290284,0.0,0.0,0.0,0.0,0.0,1.5623733878135684,3.3252928256988525,4.2328102588653564,4.985764932632446,5.732802629470825
2036-04,2036-04-01,global_mlp,2026-03,8.641441,0.013336211908608675,4.212916135787964,False,0.0,0.0,external_power_zero,Sleipner A,,False,0.0,0.005841174628585576,0.013336211908608675,0.020220170356333254,0.03836540468037129,0.0,0.0,0.0,0.0,0.0,1.5587364792823797,3.313581132888794,4.212916135787964,4.925800466537473,5.732545375823975
2036-05,2036-05-01,global_mlp,2026-03,8.641441,0.015737094916403294,4.1989805698394775,False,0.0,0.0,external_power_zero,Sleipner A,,False,0.0,0.0076515168417245144,0.015737094916403294,0.0224037354812026,0.0363304540514946,0.0,0.0,0.0,0.0,0.0,1.531229209899903,3.2934410572052,4.1989805698394775,4.902474260330199,5.717963075637817
2036-06,2036-06-01,global_mlp,2026-03,8.641441,0.013114543166011572,4.18375301361084,False,0.0,0.0,external_power_zero,Sleipner A,,False,0.0,0.005440203612670302,0.013114543166011572,0.021929341740906234,0.03878310322761537,0.0,0.0,0.0,0.0,0.0,1.4733186006546024,3.2775550842285157,4.18375301361084,4.860770273208618,5.703606700897217
2036-07,2036-07-01,global_mlp,2026-03,8.641441,0.012283083982765675,4.170778274536133,False,0.0,0.0,external_power_zero,Sleipner A,,False,0.0,0.004770477162674069,0.012283083982765675,0.02117401156574487,0.040819270536303534,0.0,0.0,0.0,0.0,0.0,1.4109897017478943,3.2568578004837034,4.170778274536133,4.840740966796875,5.689189720153808
2036-08,2036-08-01,global_mlp,2026-03,8.641441,0.011424717027693987,4.153807878494263,False,0.0,0.0,external_power_zero,Sleipner A,,False,0.0,0.0031232133274897923,0.011424717027693987,0.019704219512641428,0.037972463667392736,0.0,0.0,0.0,0.0,0.0,1.371936583518982,3.243056058883667,4.153807878494263,4.833819913864135,5.678501844406128
2036-09,2036-09-01,global_mlp,2026-03,8.641441,0.0113675557076931,4.139420032501221,False,0.0,0.0,external_power_zero,Sleipner A,,False,0.0,0.0023649280657991752,0.0113675557076931,0.02038115337491034,0.03985389396548273,0.0,0.0,0.0,0.0,0.0,1.3261540532112122,3.2215678215026853,4.139420032501221,4.824436044692992,5.660533046722412
2036-10,2036-10-01,global_mlp,2026-03,8.641441,0.010130586102604866,4.111819505691528,False,0.0,0.0,external_power_zero,Sleipner A,,False,0.0,0.0007811023679096222,0.010130586102604866,0.01963944546878337,0.04027892015874387,0.0,0.0,0.0,0.0,0.0,1.2893148422241212,3.1971956968307493,4.111819505691528,4.815574216842651,5.646180868148804
2036-11,2036-11-01,global_mlp,2026-03,8.641441,0.00981224374845624,4.0816240310668945,False,0.0,0.0,external_power_zero,Sleipner A,,False,0.0,0.0016485107596963635,0.00981224374845624,0.021357603743672366,0.039784424006938934,0.0,0.0,0.0,0.0,0.0,1.2512216567993169,3.150588726997375,4.0816240310668945,4.808692073822021,5.626624774932862
2036-12,2036-12-01,global_mlp,2026-03,8.641441,0.010721216909587383,4.074321031570435,False,0.0,0.0,external_power_zero,Sleipner A,,False,0.0,0.001868497231043873,0.010721216909587383,0.020013934187591075,0.04267766699194908,0.0,0.0,0.0,0.0,0.0,1.1996583342552187,3.104944825172424,4.074321031570435,4.790018892288208,5.608871126174928
2037-01,2037-01-01,global_mlp,2026-03,8.641441,0.009713721461594105,4.056906461715698,False,0.0,0.0,external_power_zero,Sleipner A,,False,0.0,0.0,0.009713721461594105,0.02186176236718892,0.038573790714144705,0.0,0.0,0.0,0.0,0.0,1.1702025413513184,3.075552177429199,4.056906461715698,4.741589832305907,5.607702922821046
2037-02,2037-02-01,global_mlp,2026-03,8.641441,0.010034887120127678,4.03184962272644,False,0.0,0.0,external_power_zero,Sleipner A,,False,0.0,0.001329683582298456,0.010034887120127678,0.020899391174316405,0.038740684092044834,0.0,0.0,0.0,0.0,0.0,1.1694153428077698,3.0340892791748044,4.03184962272644,4.724190998077392,5.579017162322999
2037-03,2037-03-01,global_mlp,2026-03,8.641441,0.009182463865727186,4.015967607498169,False,0.0,0.0,external_power_zero,Sleipner A,,False,0.0,0.0,0.009182463865727186,0.018731013685464856,0.034641332179307954,0.0,0.0,0.0,0.0,0.0,1.1679309129714968,3.032368302345276,4.015967607498169,4.698201274871826,5.5652024269104015
2037-04,2037-04-01,global_mlp,2026-03,8.641441,0.014942771289497614,3.9925122261047363,False,0.0,0.0,external_power_zero,Sleipner A,,False,0.0,0.006934899231418966,0.014942771289497614,0.021847920306026933,0.03701324686408043,0.0,0.0,0.0,0.0,0.0,1.166348135471344,3.025728678703308,3.9925122261047363,4.682479619979858,5.55964846611023
2037-05,2037-05-01,global_mlp,2026-03,8.641441,0.01472917990759015,3.9782854318618774,False,0.0,0.0,external_power_zero,Sleipner A,,False,0.0,0.006310755340382456,0.01472917990759015,0.022176673449575898,0.038169514387846,0.0,0.0,0.0,0.0,0.0,1.1221843123435975,3.012354516983032,3.9782854318618774,4.657966089248657,5.551773405075074
2037-06,2037-06-01,global_mlp,2026-03,8.641441,0.01396869495511055,3.9674023389816284,False,0.0,0.0,external_power_zero,Sleipner A,,False,0.0,0.005837593786418435,0.01396869495511055,0.022794862091541274,0.03732282109558582,0.0,0.0,0.0,0.0,0.0,1.1135828137397767,3.000611758232117,3.9674023389816284,4.634722709655762,5.522797536849976
2037-07,2037-07-01,global_mlp,2026-03,8.641441,0.012648321688175201,3.94858980178833,False,0.0,0.0,external_power_zero,Sleipner A,,False,0.0,0.0036100778728723514,0.012648321688175201,0.021086284518241884,0.034847899526357654,0.0,0.0,0.0,0.0,0.0,1.0927185773849488,2.982818245887756,3.94858980178833,4.619375085830688,5.506241989135742
2037-08,2037-08-01,global_mlp,2026-03,8.641441,0.012866663746535778,3.917209267616272,False,0.0,0.0,external_power_zero,Sleipner A,,False,0.0,0.003697121422737835,0.012866663746535778,0.019964008964598177,0.038436758518219,0.0,0.0,0.0,0.0,0.0,1.075150966644287,2.9581062078475946,3.917209267616272,4.601888990402221,5.490637922286988
2037-09,2037-09-01,global_mlp,2026-03,8.641441,0.012326159048825502,3.8971463441848755,False,0.0,0.0,external_power_zero,Sleipner A,,False,0.0,0.003572250553406774,0.012326159048825502,0.022376856580376622,0.036207860335707664,0.0,0.0,0.0,0.0,0.0,1.0695193529129028,2.937480068206787,3.8971463441848755,4.582191848754881,5.488679075241089
2037-10,2037-10-01,global_mlp,2026-03,8.641441,0.00950070796534419,3.8814555406570435,False,0.0,0.0,external_power_zero,Sleipner A,,False,0.0,0.0007721679692622231,0.00950070796534419,0.018463058955967424,0.0338998593389988,0.0,0.0,0.0,0.0,0.0,1.0565708398818972,2.9322774410247803,3.8814555406570435,4.575931644439697,5.480960512161255
2037-11,2037-11-01,global_mlp,2026-03,8.641441,0.009653144981712103,3.863223433494568,False,0.0,0.0,external_power_zero,Sleipner A,,False,0.0,3.380152520548963e-05,0.009653144981712103,0.018338419683277606,0.03450461886823177,0.0,0.0,0.0,0.0,0.0,1.0507766902446751,2.908833861351013,3.863223433494568,4.556640148162841,5.4784708499908445
2037-12,2037-12-01,global_mlp,2026-03,8.641441,0.010560787282884121,3.848258376121521,False,0.0,0.0,external_power_zero,Sleipner A,,False,0.0,0.0004892023425782067,0.010560787282884121,0.020111390948295588,0.037853327021002775,0.0,0.0,0.0,0.0,0.0,1.0456386208534247,2.902337527275085,3.848258376121521,4.523238372802734,5.473956155776977
2038-01,2038-01-01,global_mlp,2026-03,8.641441,0.012176971416920424,3.8451815843582153,False,0.0,0.0,external_power_zero,Sleipner A,,False,0.0,0.001139720808714628,0.012176971416920424,0.02226221207529306,0.04026296436786653,0.0,0.0,0.0,0.0,0.0,1.0312288641929632,2.8929204463958738,3.8451815843582153,4.502881002426147,5.464046907424927
2038-02,2038-02-01,global_mlp,2026-03,8.641441,0.011313940864056349,3.8251705169677734,False,0.0,0.0,external_power_zero,Sleipner A,,False,0.0,0.0014952349360100917,0.011313940864056349,0.019960435666143892,0.038142552971839924,0.0,0.0,0.0,0.0,0.0,1.018536007404328,2.8828075647354123,3.8251705169677734,4.48681206703186,5.451236820220948
2038-03,2038-03-01,global_mlp,2026-03,8.641441,0.008727297186851501,3.8215863704681396,False,0.0,0.0,external_power_zero,Sleipner A,,False,0.0,0.0,0.008727297186851501,0.018263759650290007,0.037542981654405595,0.0,0.0,0.0,0.0,0.0,1.0045299410820012,2.864875316619873,3.8215863704681396,4.469536018371582,5.4409095287323
2038-04,2038-04-01,global_mlp,2026-03,8.641441,0.01337134512141347,3.809526801109314,False,0.0,0.0,external_power_zero,Sleipner A,,False,0.0,0.005169250164180993,0.01337134512141347,0.02084127608686685,0.03420013822615147,0.0,0.0,0.0,0.0,0.0,0.986817073822022,2.8438963890075684,3.809526801109314,4.451348972320556,5.42604079246521
2038-05,2038-05-01,global_mlp,2026-03,8.641441,0.014614025130867958,3.7782797813415527,False,0.0,0.0,external_power_zero,Sleipner A,,False,0.0,0.0065076289698481555,0.014614025130867958,0.02213592026382684,0.03904985003173353,0.0,0.0,0.0,0.0,0.0,0.9753447592258457,2.8234365224838256,3.7782797813415527,4.43292269706726,5.413944673538208
2038-06,2038-06-01,global_mlp,2026-03,8.641441,0.013725772500038147,3.7569992542266846,False,0.0,0.0,external_power_zero,Sleipner A,,False,0.0,0.007897735014557837,0.013725772500038147,0.021225980110466478,0.03859281204640865,0.0,0.0,0.0,0.0,0.0,0.9524688720703129,2.7925336360931396,3.7569992542266846,4.423472499847412,5.39159460067749
2038-07,2038-07-01,global_mlp,2026-03,8.641441,0.011656460352241993,3.728973627090454,False,0.0,0.0,external_power_zero,Sleipner A,,False,0.0,0.005374783417209981,0.011656460352241993,0.01930566094815731,0.03755006939172748,0.0,0.0,0.0,0.0,0.0,0.9242781817913059,2.7685228824615478,3.728973627090454,4.409829568862914,5.37158317565918
2038-08,2038-08-01,global_mlp,2026-03,8.641441,0.012193832080811262,3.714442014694214,False,0.0,0.0,external_power_zero,Sleipner A,,False,0.0,0.003442662931047379,0.012193832080811262,0.019279148615896698,0.03680012486875059,0.0,0.0,0.0,0.0,0.0,0.885024428367615,2.7630919218063354,3.714442014694214,4.396833610534667,5.34504976272583
2038-09,2038-09-01,global_mlp,2026-03,8.641441,0.011999391485005617,3.6897765398025513,False,0.0,0.0,external_power_zero,Sleipner A,,False,0.0,0.003440624475479125,0.011999391485005617,0.02111521959304808,0.038199440389871615,0.0,0.0,0.0,0.0,0.0,0.853875416517258,2.7602617263793943,3.6897765398025513,4.379852056503296,5.3262652397155765
2038-10,2038-10-01,global_mlp,2026-03,8.641441,0.010804672725498676,3.6790688037872314,False,0.0,0.0,external_power_zero,Sleipner A,,False,0.0,0.002095558249857274,0.010804672725498676,0.02055046968162058,0.0384004756808281,0.0,0.0,0.0,0.0,0.0,0.8290382981300355,2.7585749387741085,3.6790688037872314,4.372966432571411,5.3111967086792
2038-11,2038-11-01,global_mlp,2026-03,8.641441,0.010403710883110762,3.668647050857544,False,0.0,0.0,external_power_zero,Sleipner A,,False,0.0,0.0019324985216371711,0.010403710883110762,0.019834719970822333,0.03797387443482876,0.0,0.0,0.0,0.0,0.0,0.8000434994697572,2.7554313898086544,3.668647050857544,4.351059627532959,5.300304794311524
2038-12,2038-12-01,global_mlp,2026-03,8.641441,0.009671346750110388,3.639894723892212,False,0.0,0.0,external_power_zero,Sleipner A,,False,0.0,0.0014644000097177863,0.009671346750110388,0.021478692255914207,0.0372728705406189,0.0,0.0,0.0,0.0,0.0,0.7853282153606416,2.7335681915283203,3.639894723892212,4.329164600372314,5.292061996459961
2039-01,2039-01-01,global_mlp,2026-03,8.641441,0.009917060378938913,3.6119067668914795,False,0.0,0.0,external_power_zero,Sleipner A,,False,0.0,0.0,0.009917060378938913,0.01974816806614398,0.041825270280241966,0.0,0.0,0.0,0.0,0.0,0.7849522292613984,2.714721584320068,3.6119067668914795,4.316108322143554,5.261475801467896
2039-02,2039-02-01,global_mlp,2026-03,8.641441,0.010814575012773275,3.596283197402954,False,0.0,0.0,external_power_zero,Sleipner A,,False,0.0,7.040810523903825e-05,0.010814575012773275,0.02116972990334033,0.04358424134552481,0.0,0.0,0.0,0.0,0.0,0.7723363101482392,2.696904921531677,3.596283197402954,4.2898785114288325,5.257753849029541
2039-03,2039-03-01,global_mlp,2026-03,8.641441,0.007945045828819275,3.580569624900818,False,0.0,0.0,external_power_zero,Sleipner A,,False,0.0,6.880895016365573e-05,0.007945045828819275,0.018677305430173874,0.03993007093667985,0.0,0.0,0.0,0.0,0.0,0.7576997220516208,2.685972738265991,3.580569624900818,4.2608777523040775,5.229017734527589
2039-04,2039-04-01,global_mlp,2026-03,8.641441,0.014443822205066681,3.5659518241882324,False,0.0,0.0,external_power_zero,Sleipner A,,False,0.0,0.00654233912937343,0.014443822205066681,0.021836886927485467,0.03571849763393403,0.0,0.0,0.0,0.0,0.0,0.7516604423522953,2.660371518135071,3.5659518241882324,4.245533180236817,5.210390567779542
2039-05,2039-05-01,global_mlp,2026-03,8.641441,0.016469094902276993,3.542572498321533,False,0.0,0.0,external_power_zero,Sleipner A,,False,0.0,0.007862085476517676,0.016469094902276993,0.023898431845009324,0.03769761137664319,0.0,0.0,0.0,0.0,0.0,0.7356315493583684,2.6527075767517085,3.542572498321533,4.212293338775633,5.20467095375061
2039-06,2039-06-01,global_mlp,2026-03,8.641441,0.014783527236431837,3.5229923725128174,False,0.0,0.0,external_power_zero,Sleipner A,,False,0.0,0.007476077275350689,0.014783527236431837,0.023320610634982582,0.04073987491428852,0.0,0.0,0.0,0.0,0.0,0.7101952672004704,2.644417333602905,3.5229923725128174,4.1925930023193345,5.176741600036621
2039-07,2039-07-01,global_mlp,2026-03,8.641441,0.012556607369333506,3.4913136959075928,False,0.0,0.0,external_power_zero,Sleipner A,,False,0.0,0.005927447974681853,0.012556607369333506,0.02000240683555602,0.03729397207498551,0.0,0.0,0.0,0.0,0.0,0.7055126130580907,2.637852144241333,3.4913136959075928,4.183136415481568,5.157420206069946
2039-08,2039-08-01,global_mlp,2026-03,8.641441,0.011142019182443619,3.482550263404846,False,0.0,0.0,external_power_zero,Sleipner A,,False,0.0,0.003748366259969771,0.011142019182443619,0.01829283721745014,0.03511118479073051,0.0,0.0,0.0,0.0,0.0,0.6958661139011387,2.6254892587661742,3.482550263404846,4.152406501770019,5.154426431655884
2039-09,2039-09-01,global_mlp,2026-03,8.641441,0.011364263016730547,3.4752390384674072,False,0.0,0.0,external_power_zero,Sleipner A,,False,0.0,0.0021311733406037072,0.011364263016730547,0.020265211537480354,0.03569772243499757,0.0,0.0,0.0,0.0,0.0,0.6584348142147066,2.5993979930877686,3.4752390384674072,4.132895612716674,5.149901533126831
2039-10,2039-10-01,global_mlp,2026-03,8.641441,0.009419845417141914,3.4517675638198853,False,0.0,0.0,external_power_zero,Sleipner A,,False,0.0,0.0,0.009419845417141914,0.017078625038266182,0.03390978723764421,0.0,0.0,0.0,0.0,0.0,0.6257168591022492,2.5473460197448725,3.4517675638198853,4.1203220844268795,5.13888750076294
2039-11,2039-11-01,global_mlp,2026-03,8.641441,0.009355541318655014,3.4185293912887573,False,0.0,0.0,external_power_zero,Sleipner A,,False,0.0,0.0009701866772957135,0.009355541318655014,0.01954146213829517,0.03933119960129261,0.0,0.0,0.0,0.0,0.0,0.5870917022228243,2.5256720066070555,3.4185293912887573,4.0943154811859115,5.124989366531373
2039-12,2039-12-01,global_mlp,2026-03,8.641441,0.010838186834007502,3.3954962491989136,False,0.0,0.0,external_power_zero,Sleipner A,,False,0.0,0.0018003554083406907,0.010838186834007502,0.02008134964853525,0.04217624068260194,0.0,0.0,0.0,0.0,0.0,0.5685485541820527,2.513402485847473,3.3954962491989136,4.0840342998504635,5.1128258228302
2040-01,2040-01-01,global_mlp,2026-03,8.641441,0.011418633162975311,3.3763980865478516,False,0.0,0.0,external_power_zero,Sleipner A,,False,0.0,0.001340851897839456,0.011418633162975311,0.02099824026226997,0.03811114206910134,0.0,0.0,0.0,0.0,0.0,0.5399445712566376,2.507105445861816,3.3763980865478516,4.074985790252685,5.1118336677551275
2040-02,2040-02-01,global_mlp,2026-03,8.641441,0.010200381744652987,3.356207847595215,False,0.0,0.0,external_power_zero,Sleipner A,,False,0.0,0.0018039945629425341,0.010200381744652987,0.019407453574240206,0.03712270297110082,0.0,0.0,0.0,0.0,0.0,0.5241731762886048,2.504531598091125,3.356207847595215,4.067064714431763,5.101485776901245
2040-03,2040-03-01,global_mlp,2026-03,8.641441,0.009591914713382721,3.3417468070983887,False,0.0,0.0,external_power_zero,Sleipner A,,False,0.0,0.0,0.009591914713382721,0.019015799276530736,0.035151563584804535,0.0,0.0,0.0,0.0,0.0,0.5128000229597094,2.5031460523605342,3.3417468070983887,4.052428865432739,5.084171628952027
2040-04,2040-04-01,global_mlp,2026-03,8.641441,0.013440619688481092,3.318702220916748,False,0.0,0.0,external_power_zero,Sleipner A,,False,0.0,0.005769844353199004,0.013440619688481092,0.02031891122460363,0.0356621265411377,0.0,0.0,0.0,0.0,0.0,0.4852088063955308,2.4944312334060665,3.318702220916748,4.044092321395874,5.072083902359009
2040-05,2040-05-01,global_mlp,2026-03,8.641441,0.014146498404443264,3.3059144020080566,False,0.0,0.0,external_power_zero,Sleipner A,,False,0.0,0.004775885678827762,0.014146498404443264,0.02180938627570866,0.03658620342612267,0.0,0.0,0.0,0.0,0.0,0.45636106133461,2.4786380767822265,3.3059144020080566,4.039249038696289,5.052149391174317
2040-06,2040-06-01,global_mlp,2026-03,8.641441,0.013629277236759663,3.2911245822906494,False,0.0,0.0,external_power_zero,Sleipner A,,False,0.0,0.006000761128962037,0.013629277236759663,0.020249870605766756,0.03533431254327298,0.0,0.0,0.0,0.0,0.0,0.4448271751403809,2.4311573505401607,3.2911245822906494,4.012577438354492,5.03415732383728
2040-07,2040-07-01,global_mlp,2026-03,8.641441,0.011079230345785618,3.270919680595398,False,0.0,0.0,external_power_zero,Sleipner A,,False,0.0,0.0031735128490254275,0.011079230345785618,0.01785888634622097,0.03600495345890523,0.0,0.0,0.0,0.0,0.0,0.4273296624422074,2.385187768936157,3.270919680595398,4.004701375961304,5.015434360504151
2040-08,2040-08-01,global_mlp,2026-03,8.641441,0.010261590592563152,3.257666230201721,False,0.0,0.0,external_power_zero,Sleipner A,,False,0.0,0.001992705813609064,0.010261590592563152,0.01829229760915041,0.034875349700450906,0.0,0.0,0.0,0.0,0.0,0.40583372116088867,2.360244083404541,3.257666230201721,3.9776786327362053,5.006205892562867
2040-09,2040-09-01,global_mlp,2026-03,8.641441,0.010019498877227306,3.241927146911621,False,0.0,0.0,external_power_zero,Sleipner A,,False,0.0,0.0006983445666264731,0.010019498877227306,0.018953949213027954,0.0375258680433035,0.0,0.0,0.0,0.0,0.0,0.38562572300434117,2.3205098867416383,3.241927146911621,3.9673830270767207,4.990574932098388
2040-10,2040-10-01,global_mlp,2026-03,8.641441,0.00896631833165884,3.230247139930725,False,0.0,0.0,external_power_zero,Sleipner A,,False,0.0,0.0,0.00896631833165884,0.01645251195877788,0.034815092012286185,0.0,0.0,0.0,0.0,0.0,0.3786771804094315,2.3027292490005493,3.230247139930725,3.9600778102874754,4.979955005645752
2040-11,2040-11-01,global_mlp,2026-03,8.641441,0.009250135626643896,3.2135508060455322,False,0.0,0.0,external_power_zero,Sleipner A,,False,0.0,0.0,0.009250135626643896,0.017505142092704765,0.03611021414399147,0.0,0.0,0.0,0.0,0.0,0.3556707948446274,2.2951989889144895,3.2135508060455322,3.9582557678222656,4.973899221420289
2040-12,2040-12-01,global_mlp,2026-03,8.641441,0.009847738314419985,3.2020533084869385,False,0.0,0.0,external_power_zero,Sleipner A,,False,0.0,0.0006875228544231491,0.009847738314419985,0.01903202421963214,0.0373178105801344,0.0,0.0,0.0,0.0,0.0,0.33973361253738416,2.25881769657135,3.2020533084869385,3.945989799499511,4.963372135162354
2041-01,2041-01-01,global_mlp,2026-03,8.641441,0.008828278165310621,3.1944069862365723,False,0.0,0.0,external_power_zero,Sleipner A,,False,0.0,2.16783944779305e-05,0.008828278165310621,0.019573302567005155,0.037918950989842416,0.0,0.0,0.0,0.0,0.0,0.3189089685678483,2.2396183729171755,3.1944069862365723,3.923644471168518,4.950531959533691
2041-02,2041-02-01,global_mlp,2026-03,8.641441,0.009702668525278568,3.172872304916382,False,0.0,0.0,external_power_zero,Sleipner A,,False,0.0,0.0,0.009702668525278568,0.019823816977441296,0.03709853924810887,0.0,0.0,0.0,0.0,0.0,0.29031186997890474,2.2285876035690304,3.172872304916382,3.9011686563491805,4.9357341766357425
2041-03,2041-03-01,global_mlp,2026-03,8.641441,0.008395335171371698,3.16132390499115,False,0.0,0.0,external_power_zero,Sleipner A,,False,0.0,0.0,0.008395335171371698,0.01824241075664758,0.03420093916356564,0.0,0.0,0.0,0.0,0.0,0.27367613911628724,2.20353991985321,3.16132390499115,3.876929402351379,4.924175691604614
2041-04,2041-04-01,global_mlp,2026-03,8.641441,0.014483468607068062,3.142591118812561,False,0.0,0.0,external_power_zero,Sleipner A,,False,0.0,0.006747958716005087,0.014483468607068062,0.019822477363049984,0.0326445858925581,0.0,0.0,0.0,0.0,0.0,0.2554256677627564,2.195900750160217,3.142591118812561,3.875928974151611,4.896445560455322
2041-05,2041-05-01,global_mlp,2026-03,8.641441,0.013983615674078465,3.141756296157837,False,0.0,0.0,external_power_zero,Sleipner A,,False,0.0,0.004907008213922381,0.013983615674078465,0.020991051010787486,0.03418519087135792,0.0,0.0,0.0,0.0,0.0,0.2357225388288498,2.18769257068634,3.141756296157837,3.866670727729797,4.8684377670288095
2041-06,2041-06-01,global_mlp,2026-03,8.641441,0.012701887637376785,3.1349403858184814,False,0.0,0.0,external_power_zero,Sleipner A,,False,0.0,0.004740396374836563,0.012701887637376785,0.019948838837444766,0.03686434924602509,0.0,0.0,0.0,0.0,0.0,0.2249181404709816,2.1803384542465207,3.1349403858184814,3.866670727729797,4.844336318969726
2041-07,2041-07-01,global_mlp,2026-03,8.641441,0.011021043173968792,3.127076506614685,False,0.0,0.0,external_power_zero,Sleipner A,,False,0.0,0.0046358534134924405,0.011021043173968792,0.01870272494852543,0.031736725196242335,0.0,0.0,0.0,0.0,0.0,0.21269516348838807,2.171339106559753,3.127076506614685,3.8560390949249266,4.83007435798645
2041-08,2041-08-01,global_mlp,2026-03,8.641441,0.010903481859713793,3.10992693901062,False,0.0,0.0,external_power_zero,Sleipner A,,False,0.0,0.003933750325813889,0.010903481859713793,0.01999090891331434,0.03170908205211164,0.0,0.0,0.0,0.0,0.0,0.2082656413316727,2.1600059509277343,3.10992693901062,3.825211119651794,4.823249959945679
2041-09,2041-09-01,global_mlp,2026-03,8.641441,0.012038142886012793,3.0881091356277466,False,0.0,0.0,external_power_zero,Sleipner A,,False,0.0,0.0020723568275570867,0.012038142886012793,0.01932012978941201,0.03286830186843874,0.0,0.0,0.0,0.0,0.0,0.20422720462083827,2.143357968330383,3.0881091356277466,3.821408414840698,4.81106243133545
2041-10,2041-10-01,global_mlp,2026-03,8.641441,0.008280455134809017,3.066827893257141,False,0.0,0.0,external_power_zero,Sleipner A,,False,0.0,0.0,0.008280455134809017,0.018395246751606455,0.03440432511270047,0.0,0.0,0.0,0.0,0.0,0.20255062729120274,2.123359799385071,3.066827893257141,3.8133767604827877,4.792503404617309
2041-11,2041-11-01,global_mlp,2026-03,8.641441,0.008223567623645067,3.0591434240341187,False,0.0,0.0,external_power_zero,Sleipner A,,False,0.0,0.0,0.008223567623645067,0.017749087326228617,0.03641083762049675,0.0,0.0,0.0,0.0,0.0,0.1902145877480509,2.1167500495910643,3.0591434240341187,3.806825137138367,4.782315683364868
2041-12,2041-12-01,global_mlp,2026-03,8.641441,0.010423961095511913,3.0498316287994385,False,0.0,0.0,external_power_zero,Sleipner A,,False,0.0,0.002212985069490967,0.010423961095511913,0.020357021503150455,0.03707125410437586,0.0,0.0,0.0,0.0,0.0,0.17417998015880598,2.0549952507019045,3.0498316287994385,3.772494459152221,4.75734429359436
2042-01,2042-01-01,global_mlp,2026-03,8.641441,0.01047482481226325,3.0095973014831543,False,0.0,0.0,external_power_zero,Sleipner A,,False,0.0,0.0,0.01047482481226325,0.02025413122028111,0.038236488401889805,0.0,0.0,0.0,0.0,0.0,0.15864136666059497,2.0441003322601317,3.0095973014831543,3.745306587219237,4.745588493347168
2042-02,2042-02-01,global_mlp,2026-03,8.641441,0.010534090455621481,2.9799861907958984,False,0.0,0.0,external_power_zero,Sleipner A,,False,0.0,0.00012617735701496663,0.010534090455621481,0.02009614203125238,0.038962005078792585,0.0,0.0,0.0,0.0,0.0,0.1492611333727837,2.0382809877395625,2.9799861907958984,3.720259404182433,4.732716846466065
2042-03,2042-03-01,global_mlp,2026-03,8.641441,0.007842519786208868,2.950392246246338,False,0.0,0.0,external_power_zero,Sleipner A,,False,0.0,0.0,0.007842519786208868,0.01891256961971521,0.03347857892513275,0.0,0.0,0.0,0.0,0.0,0.14314805716276177,2.008734393119812,2.950392246246338,3.706173896789551,4.712963771820069
2042-04,2042-04-01,global_mlp,2026-03,8.641441,0.013298658654093742,2.925454020500183,False,0.0,0.0,external_power_zero,Sleipner A,,False,0.0,0.006705639557912945,0.013298658654093742,0.020807083509862417,0.03257191739976406,0.0,0.0,0.0,0.0,0.0,0.11742736473679545,1.9956156373023979,2.925454020500183,3.6931779861450194,4.695154523849488
2042-05,2042-05-01,global_mlp,2026-03,8.641441,0.015233183279633522,2.8946774005889893,False,0.0,0.0,external_power_zero,Sleipner A,,False,0.0,0.006221155496314164,0.015233183279633522,0.022490550577640534,0.035148328542709356,0.0,0.0,0.0,0.0,0.0,0.09109279513359071,1.9439540743827817,2.8946774005889893,3.6806173801422117,4.6856406211853034
2042-06,2042-06-01,global_mlp,2026-03,8.641441,0.012819413561373949,2.881158947944641,False,0.0,0.0,external_power_zero,Sleipner A,,False,0.0,0.005185460718348621,0.012819413561373949,0.020415563695132727,0.03471519835293294,0.0,0.0,0.0,0.0,0.0,0.07816553711891183,1.9212362885475156,2.881158947944641,3.656895971298217,4.672581672668458
2042-07,2042-07-01,global_mlp,2026-03,8.641441,0.011959185358136892,2.8728498220443726,False,0.0,0.0,external_power_zero,Sleipner A,,False,0.0,0.0031556432833895038,0.011959185358136892,0.020128312334418287,0.033758839592337615,0.0,0.0,0.0,0.0,0.0,0.06735644266009333,1.9172866463661191,2.8728498220443726,3.6287434101104736,4.649293851852419
2042-08,2042-08-01,global_mlp,2026-03,8.641441,0.010583002585917711,2.864086627960205,False,0.0,0.0,external_power_zero,Sleipner A,,False,0.0,0.001289561856538057,0.010583002585917711,0.017927660606801506,0.03227144591510296,0.0,0.0,0.0,0.0,0.0,0.06201058551669132,1.893716013431549,2.864086627960205,3.6065408229827876,4.637479877471925
2042-09,2042-09-01,global_mlp,2026-03,8.641441,0.011575220618396997,2.83487868309021,False,0.0,0.0,external_power_zero,Sleipner A,,False,0.0,0.0022298600524663925,0.011575220618396997,0.018187361769378182,0.031340697407722475,0.0,0.0,0.0,0.0,0.0,0.034040229022502914,1.8852566719055175,2.83487868309021,3.5926301717758173,4.625002622604372
2042-10,2042-10-01,global_mlp,2026-03,8.641441,0.00870297010987997,2.8261351585388184,False,0.0,0.0,external_power_zero,Sleipner A,,False,0.0,0.00041726705676410094,0.00870297010987997,0.01774145308881997,0.03228990882635118,0.0,0.0,0.0,0.0,0.0,0.02971862070262444,1.8646038055419922,2.8261351585388184,3.5825110912322993,4.613178157806398
2042-11,2042-11-01,global_mlp,2026-03,8.641441,0.008876192383468151,2.82529079914093,False,0.0,0.0,external_power_zero,Sleipner A,,False,0.0,0.0007440850895363824,0.008876192383468151,0.017571733705699418,0.03538622595369816,0.0,0.0,0.0,0.0,0.0,0.029186665825545938,1.8410759925842284,2.82529079914093,3.5600300312042226,4.610591554641725
2042-12,2042-12-01,global_mlp,2026-03,8.641441,0.010406702291220427,2.8165892362594604,False,0.0,0.0,external_power_zero,Sleipner A,,False,0.0,0.0,0.010406702291220427,0.019193720258772355,0.0330112211406231,0.0,0.0,0.0,0.0,0.0,0.029186665825545938,1.820598769187927,2.8165892362594604,3.5394980192184446,4.607185220718383
2043-01,2043-01-01,global_mlp,2026-03,8.641441,0.007999587804079056,2.79381263256073,False,0.0,0.0,external_power_zero,Sleipner A,,False,0.0,0.0,0.007999587804079056,0.017966504953801626,0.03237462788820267,0.0,0.0,0.0,0.0,0.0,0.028634599596262158,1.8036091923713684,2.79381263256073,3.5265015125274655,4.592243242263795
2043-02,2043-02-01,global_mlp,2026-03,8.641441,0.009263014886528254,2.778183102607727,False,0.0,0.0,external_power_zero,Sleipner A,,False,0.0,0.0,0.009263014886528254,0.018917053006589413,0.03806108459830285,0.0,0.0,0.0,0.0,0.0,0.028634599596262158,1.7728288173675537,2.778183102607727,3.4889818906784043,4.564942884445191
2043-03,2043-03-01,global_mlp,2026-03,8.641441,0.007913960609585047,2.7511216402053833,False,0.0,0.0,external_power_zero,Sleipner A,,False,0.0,0.0,0.007913960609585047,0.016701477952301497,0.03262405022978783,0.0,0.0,0.0,0.0,0.0,0.028634599596262158,1.76017906665802,2.7511216402053833,3.48505868911743,4.563365173339844
2043-04,2043-04-01,global_mlp,2026-03,8.641441,0.012801856268197298,2.7294548749923706,False,0.0,0.0,external_power_zero,Sleipner A,,False,0.0,0.004284746618941424,0.012801856268197298,0.020265627838671203,0.03388110846281052,0.0,0.0,0.0,0.0,0.0,0.01419344712048778,1.744350695610046,2.7294548749923706,3.471144366264342,4.54987964630127
2043-05,2043-05-01,global_mlp,2026-03,8.641441,0.011838931124657393,2.7162147760391235,False,0.0,0.0,external_power_zero,Sleipner A,,False,0.0,0.0023482231423258776,0.011838931124657393,0.01980221942067146,0.03767912164330482,0.0,0.0,0.0,0.0,0.0,0.007852911204099705,1.697162342071533,2.7162147760391235,3.464509153366089,4.547140836715698
2043-06,2043-06-01,global_mlp,2026-03,8.641441,0.011514161247760057,2.7032352685928345,False,0.0,0.0,external_power_zero,Sleipner A,,False,0.0,0.003878660872578619,0.011514161247760057,0.020171861536800857,0.03593530766665936,0.0,0.0,0.0,0.0,0.0,0.0,1.670458602905273,2.7032352685928345,3.45005886554718,4.540574455261231
2043-07,2043-07-01,global_mlp,2026-03,8.641441,0.009663877543061972,2.67549991607666,False,0.0,0.0,external_power_zero,Sleipner A,,False,0.0,0.0015932498616166408,0.009663877543061972,0.01850765775889158,0.033702021837234496,0.0,0.0,0.0,0.0,0.0,0.0,1.6313451647758483,2.67549991607666,3.4163132429122913,4.531191205978393
2043-08,2043-08-01,global_mlp,2026-03,8.641441,0.009148065000772476,2.6409376859664917,False,0.0,0.0,external_power_zero,Sleipner A,,False,0.0,7.034405716694777e-05,0.009148065000772476,0.0182984547689557,0.03597451858222485,0.0,0.0,0.0,0.0,0.0,0.0,1.6042827486991882,2.6409376859664917,3.395477080345153,4.527648115158081
2043-09,2043-09-01,global_mlp,2026-03,8.641441,0.008546401746571064,2.6192328929901123,False,0.0,0.0,external_power_zero,Sleipner A,,False,0.0,0.0,0.008546401746571064,0.01848533879965543,0.037286353111267094,0.0,0.0,0.0,0.0,0.0,0.0,1.588200569152832,2.6192328929901123,3.384901452064513,4.519628238677979
2043-10,2043-10-01,global_mlp,2026-03,8.641441,0.006701224250718951,2.597160577774048,False,0.0,0.0,external_power_zero,Sleipner A,,False,0.0,0.0,0.006701224250718951,0.017866168543696374,0.03436416983604432,0.0,0.0,0.0,0.0,0.0,0.0,1.576440107822418,2.597160577774048,3.3789746284484865,4.505469179153443
2043-11,2043-11-01,global_mlp,2026-03,8.641441,0.008631879463791847,2.5798251628875732,False,0.0,0.0,external_power_zero,Sleipner A,,False,0.0,0.0,0.008631879463791847,0.018411556631326667,0.03728449679911138,0.0,0.0,0.0,0.0,0.0,0.0,1.5631904602050777,2.5798251628875732,3.365953183174133,4.488994646072388
2043-12,2043-12-01,global_mlp,2026-03,8.641441,0.00884661404415965,2.562873601913452,False,0.0,0.0,external_power_zero,Sleipner A,,False,0.0,0.0,0.00884661404415965,0.018869330361485474,0.03438019379973412,0.0,0.0,0.0,0.0,0.0,0.0,1.5474510431289668,2.562873601913452,3.349182820320129,4.48260989189148
2044-01,2044-01-01,global_mlp,2026-03,8.641441,0.00965777924284339,2.552450180053711,False,0.0,0.0,external_power_zero,Sleipner A,,False,0.0,0.0,0.00965777924284339,0.019425711594521996,0.036233143880963346,0.0,0.0,0.0,0.0,0.0,0.0,1.5311857342720026,2.552450180053711,3.330862045288086,4.477978992462158
2044-02,2044-02-01,global_mlp,2026-03,8.641441,0.008971565403044224,2.5329145193099976,False,0.0,0.0,external_power_zero,Sleipner A,,False,0.0,0.0,0.008971565403044224,0.019607895053923116,0.03635979555547238,0.0,0.0,0.0,0.0,0.0,0.0,1.5142079114913936,2.5329145193099976,3.317259049415588,4.468950080871582
2044-03,2044-03-01,global_mlp,2026-03,8.641441,0.00637557334266603,2.5103663206100464,False,0.0,0.0,external_power_zero,Sleipner A,,False,0.0,0.0,0.00637557334266603,0.017689679004251956,0.033298029005527516,0.0,0.0,0.0,0.0,0.0,0.0,1.4914609789848328,2.5103663206100464,3.313251876831054,4.46097993850708
2044-04,2044-04-01,global_mlp,2026-03,8.641441,0.014936576597392559,2.482530355453491,False,0.0,0.0,external_power_zero,Sleipner A,,False,0.0,0.006471876986324785,0.014936576597392559,0.02017173934727907,0.03383913561701775,0.0,0.0,0.0,0.0,0.0,0.0,1.469554221630096,2.482530355453491,3.3013015985488887,4.444949817657471
2044-05,2044-05-01,global_mlp,2026-03,8.641441,0.013153934385627508,2.4764039516448975,False,0.0,0.0,external_power_zero,Sleipner A,,False,0.0,0.004123562201857564,0.013153934385627508,0.021289881877601145,0.03428030014038086,0.0,0.0,0.0,0.0,0.0,0.0,1.4517569065093991,2.4764039516448975,3.2886997222900383,4.44382495880127
2044-06,2044-06-01,global_mlp,2026-03,8.641441,0.01326781790703535,2.457407593727112,False,0.0,0.0,external_power_zero,Sleipner A,,False,0.0,0.0053125547710806105,0.01326781790703535,0.020998105034232124,0.033295617252588276,0.0,0.0,0.0,0.0,0.0,0.0,1.43704274892807,2.457407593727112,3.271405029296874,4.416215562820435
2044-07,2044-07-01,global_mlp,2026-03,8.641441,0.011617488693445921,2.4390625953674316,False,0.0,0.0,external_power_zero,Sleipner A,,False,0.0,0.003619421203620731,0.011617488693445921,0.018906421586871145,0.032570942491292956,0.0,0.0,0.0,0.0,0.0,0.0,1.4144414067268372,2.4390625953674316,3.251139736175536,4.40955572128296
2044-08,2044-08-01,global_mlp,2026-03,8.641441,0.010250770021229982,2.425049066543579,False,0.0,0.0,external_power_zero,Sleipner A,,False,0.0,0.0030059168580919495,0.010250770021229982,0.016934055648744104,0.02917356118559838,0.0,0.0,0.0,0.0,0.0,0.0,1.3835724830627438,2.425049066543579,3.242500090599059,4.399920892715454
2044-09,2044-09-01,global_mlp,2026-03,8.641441,0.01122903823852539,2.4118704795837402,False,0.0,0.0,external_power_zero,Sleipner A,,False,0.0,0.0016847156919538963,0.01122903823852539,0.018367664329707618,0.034783594682812696,0.0,0.0,0.0,0.0,0.0,0.0,1.3656755089759827,2.4118704795837402,3.2201596736907954,4.366809082031251
2044-10,2044-10-01,global_mlp,2026-03,8.641441,0.008820749819278717,2.40343177318573,False,0.0,0.0,external_power_zero,Sleipner A,,False,0.0,0.0,0.008820749819278717,0.017609138600528224,0.03585096336901192,0.0,0.0,0.0,0.0,0.0,0.0,1.3582902073860168,2.40343177318573,3.204345893859863,4.350690078735353
2044-11,2044-11-01,global_mlp,2026-03,8.641441,0.010475756600499153,2.388153910636902,False,0.0,0.0,external_power_zero,Sleipner A,,False,0.0,0.0,0.010475756600499153,0.01913188137114048,0.035541385412216187,0.0,0.0,0.0,0.0,0.0,0.0,1.3362468004226684,2.388153910636902,3.1766226530075072,4.348219537734986
2044-12,2044-12-01,global_mlp,2026-03,8.641441,0.010109187103807926,2.361893892288208,False,0.0,0.0,external_power_zero,Sleipner A,,False,0.0,0.0,0.010109187103807926,0.019314670190215107,0.03727531433105469,0.0,0.0,0.0,0.0,0.0,0.0,1.3159156084060668,2.361893892288208,3.1666763305664056,4.33205041885376
2045-01,2045-01-01,global_mlp,2026-03,8.641441,0.009124187286943197,2.347373604774475,False,0.0,0.0,external_power_zero,Sleipner A,,False,0.0,0.0,0.009124187286943197,0.019315024465322492,0.035568264126777674,0.0,0.0,0.0,0.0,0.0,0.0,1.3073094129562377,2.347373604774475,3.14406394958496,4.319771766662598
2045-02,2045-02-01,global_mlp,2026-03,8.641441,0.010634361300617456,2.3329179286956787,False,0.0,0.0,external_power_zero,Sleipner A,,False,0.0,0.0,0.010634361300617456,0.02011197432875633,0.035021938011050226,0.0,0.0,0.0,0.0,0.0,0.0,1.30255891084671,2.3329179286956787,3.1189719915389995,4.298034667968751
2045-03,2045-03-01,global_mlp,2026-03,8.641441,0.007114361273124814,2.322044253349304,False,0.0,0.0,external_power_zero,Sleipner A,,False,0.0,0.0,0.007114361273124814,0.017448684386909007,0.03342591747641564,0.0,0.0,0.0,0.0,0.0,0.0,1.2630390763282773,2.322044253349304,3.109392786026001,4.268253231048585
2045-04,2045-04-01,global_mlp,2026-03,8.641441,0.013309331145137548,2.2861584424972534,False,0.0,0.0,external_power_zero,Sleipner A,,False,0.0,0.004281971091404555,0.013309331145137548,0.020779903605580328,0.03430671095848086,0.0,0.0,0.0,0.0,0.0,0.0,1.2290527224540708,2.2861584424972534,3.085897874832153,4.264496469497681
2045-05,2045-05-01,global_mlp,2026-03,8.641441,0.01378259900957346,2.2635897397994995,False,0.0,0.0,external_power_zero,Sleipner A,,False,0.0,0.0035135586047545047,0.01378259900957346,0.02213516924530266,0.0360615596175194,0.0,0.0,0.0,0.0,0.0,0.0,1.2142629981040955,2.2635897397994995,3.0654418468475337,4.207015275955201
2045-06,2045-06-01,global_mlp,2026-03,8.641441,0.011909114196896553,2.246107816696167,False,0.0,0.0,external_power_zero,Sleipner A,,False,0.0,0.005506617855280637,0.011909114196896553,0.019660883769392963,0.03501904718577865,0.0,0.0,0.0,0.0,0.0,0.0,1.1876947402954101,2.246107816696167,3.0483308792114254,4.192560052871705
2045-07,2045-07-01,global_mlp,2026-03,8.641441,0.011838170699775219,2.2345542907714844,False,0.0,0.0,external_power_zero,Sleipner A,,False,0.0,0.0016187662840820834,0.011838170699775219,0.020941065810620784,0.033999574929475786,0.0,0.0,0.0,0.0,0.0,0.0,1.1746588706970214,2.2345542907714844,3.0459444999694822,4.165663146972657
2045-08,2045-08-01,global_mlp,2026-03,8.641441,0.01111617498099804,2.2224377393722534,False,0.0,0.0,external_power_zero,Sleipner A,,False,0.0,0.0029543378157541145,0.01111617498099804,0.01995862852782011,0.03466284759342671,0.0,0.0,0.0,0.0,0.0,0.0,1.1529744863510132,2.2224377393722534,3.0307418584823607,4.144687557220459
2045-09,2045-09-01,global_mlp,2026-03,8.641441,0.012130302377045155,2.207941174507141,False,0.0,0.0,external_power_zero,Sleipner A,,False,0.0,0.0009316743002273106,0.012130302377045155,0.021986241452395913,0.035988427326083185,0.0,0.0,0.0,0.0,0.0,0.0,1.136832571029663,2.207941174507141,3.0143918991088863,4.121696519851685
2045-10,2045-10-01,global_mlp,2026-03,8.641441,0.00906290439888835,2.1999183893203735,False,0.0,0.0,external_power_zero,Sleipner A,,False,0.0,0.0,0.00906290439888835,0.018567503988742826,0.03239559866487981,0.0,0.0,0.0,0.0,0.0,0.0,1.1180158853530884,2.1999183893203735,3.0051489830017086,4.107840061187745
2045-11,2045-11-01,global_mlp,2026-03,8.641441,0.009681375231593847,2.179193377494812,False,0.0,0.0,external_power_zero,Sleipner A,,False,0.0,0.0,0.009681375231593847,0.01850899513810873,0.03609014563262462,0.0,0.0,0.0,0.0,0.0,0.0,1.105141282081604,2.179193377494812,2.9948749780654906,4.102074909210206
2045-12,2045-12-01,global_mlp,2026-03,8.641441,0.011071886401623487,2.163755178451538,False,0.0,0.0,external_power_zero,Sleipner A,,False,0.0,0.0,0.011071886401623487,0.020889663882553578,0.03638781309127808,0.0,0.0,0.0,0.0,0.0,0.0,1.0802866101264954,2.163755178451538,2.9671698093414305,4.099690246582031
2046-01,2046-01-01,global_mlp,2026-03,8.641441,0.010458328761160374,2.1480270624160767,False,0.0,0.0,external_power_zero,Sleipner A,,False,0.0,0.0,0.010458328761160374,0.019880617596209047,0.03761503845453262,0.0,0.0,0.0,0.0,0.0,0.0,1.0539471983909607,2.1480270624160767,2.9437997341156006,4.093059110641479
2046-02,2046-02-01,global_mlp,2026-03,8.641441,0.010448688175529242,2.1319774389266968,False,0.0,0.0,external_power_zero,Sleipner A,,False,0.0,0.0,0.010448688175529242,0.020300389640033244,0.03770574927330017,0.0,0.0,0.0,0.0,0.0,0.0,1.0216650605201718,2.1319774389266968,2.9268550872802734,4.073298692703247
2046-03,2046-03-01,global_mlp,2026-03,8.641441,0.0072888946160674095,2.1169979572296143,False,0.0,0.0,external_power_zero,Sleipner A,,False,0.0,0.0,0.0072888946160674095,0.019114341586828232,0.037360558286309256,0.0,0.0,0.0,0.0,0.0,0.0,0.9956760644912716,2.1169979572296143,2.913723802566528,4.057850027084351
2046-04,2046-04-01,global_mlp,2026-03,8.641441,0.012417466379702091,2.1025822162628174,False,0.0,0.0,external_power_zero,Sleipner A,,False,0.0,0.0041330471634864795,0.012417466379702091,0.019749415293335907,0.03670285120606422,0.0,0.0,0.0,0.0,0.0,0.0,0.9548550724983215,2.1025822162628174,2.89728684425354,4.03338508605957
2046-05,2046-05-01,global_mlp,2026-03,8.641441,0.012292457278817892,2.0796579122543335,False,0.0,0.0,external_power_zero,Sleipner A,,False,0.0,0.0027042342582717527,0.012292457278817892,0.021572897210717187,0.03812246285378934,0.0,0.0,0.0,0.0,0.0,0.0,0.9387041628360747,2.0796579122543335,2.890236735343933,4.01814546585083
2046-06,2046-06-01,global_mlp,2026-03,8.641441,0.010907973628491163,2.059639811515808,False,0.0,0.0,external_power_zero,Sleipner A,,False,0.0,0.0019132198183797284,0.010907973628491163,0.021322908625006673,0.03480037190020086,0.0,0.0,0.0,0.0,0.0,0.0,0.9272355437278746,2.059639811515808,2.8841848134994503,3.985071277618409
2046-07,2046-07-01,global_mlp,2026-03,8.641441,0.009904738049954176,2.0531755685806274,False,0.0,0.0,external_power_zero,Sleipner A,,False,0.0,0.0,0.009904738049954176,0.01741702072322368,0.035222426056861884,0.0,0.0,0.0,0.0,0.0,0.0,0.9149486005306242,2.0531755685806274,2.8755002021789546,3.9823588848114015
2046-08,2046-08-01,global_mlp,2026-03,8.641441,0.009402786381542683,2.020987868309021,False,0.0,0.0,external_power_zero,Sleipner A,,False,0.0,0.0,0.009402786381542683,0.018042991869151585,0.035495252907276155,0.0,0.0,0.0,0.0,0.0,0.0,0.8981473267078399,2.020987868309021,2.862392783164977,3.955971860885621
2046-09,2046-09-01,global_mlp,2026-03,8.641441,0.010440387297421694,1.9848504066467285,False,0.0,0.0,external_power_zero,Sleipner A,,False,0.0,0.0002655129181221091,0.010440387297421694,0.019795097224414346,0.0367844332009554,0.0,0.0,0.0,0.0,0.0,0.0,0.8789937853813169,1.9848504066467285,2.856595492362975,3.9340492486953744
2046-10,2046-10-01,global_mlp,2026-03,8.641441,0.007206729846075177,1.9691417813301086,False,0.0,0.0,external_power_zero,Sleipner A,,False,0.0,0.0,0.007206729846075177,0.018731850944459436,0.0387279462069273,0.0,0.0,0.0,0.0,0.0,0.0,0.8591417968273157,1.9691417813301086,2.854432559013366,3.917593979835511
2046-11,2046-11-01,global_mlp,2026-03,8.641441,0.007903101854026318,1.9583426713943481,False,0.0,0.0,external_power_zero,Sleipner A,,False,0.0,0.0,0.007903101854026318,0.018383154086768626,0.03979014754295352,0.0,0.0,0.0,0.0,0.0,0.0,0.8492792963981625,1.9583426713943481,2.8446517705917356,3.893373012542726
2046-12,2046-12-01,global_mlp,2026-03,8.641441,0.008217971306294203,1.9407046437263489,False,0.0,0.0,external_power_zero,Sleipner A,,False,0.0,0.0,0.008217971306294203,0.01806891672313213,0.035569201409816745,0.0,0.0,0.0,0.0,0.0,0.0,0.8470243632793424,1.9407046437263489,2.7892181158065794,3.8870224475860606
2047-01,2047-01-01,global_mlp,2026-03,8.641441,0.00857740780338645,1.9218398928642273,False,0.0,0.0,external_power_zero,Sleipner A,,False,0.0,0.0,0.00857740780338645,0.017533199489116667,0.0415041632950306,0.0,0.0,0.0,0.0,0.0,0.0,0.8193691074848172,1.9218398928642273,2.7655642509460447,3.872609424591065
2047-02,2047-02-01,global_mlp,2026-03,8.641441,0.008961760438978672,1.898341953754425,False,0.0,0.0,external_power_zero,Sleipner A,,False,0.0,0.0,0.008961760438978672,0.018898329511284825,0.0378912188112736,0.0,0.0,0.0,0.0,0.0,0.0,0.7614262580871581,1.898341953754425,2.7394223451614366,3.860544204711914
2047-03,2047-03-01,global_mlp,2026-03,8.641441,0.007188924355432391,1.8936872482299805,False,0.0,0.0,external_power_zero,Sleipner A,,False,0.0,0.0,0.007188924355432391,0.0188613198697567,0.03659788817167286,0.0,0.0,0.0,0.0,0.0,0.0,0.7533187448978421,1.8936872482299805,2.734195160865782,3.8419034957885745
2047-04,2047-04-01,global_mlp,2026-03,8.641441,0.011221853084862232,1.8730982542037964,False,0.0,0.0,external_power_zero,Sleipner A,,False,0.0,0.0006913876801263474,0.011221853084862232,0.02035188227891922,0.036359116062521936,0.0,0.0,0.0,0.0,0.0,0.0,0.740968483686447,1.8730982542037964,2.721345496177672,3.8351771593093877
2047-05,2047-05-01,global_mlp,2026-03,8.641441,0.011729897931218147,1.8508800268173218,False,0.0,0.0,external_power_zero,Sleipner A,,False,0.0,0.0007898074924014505,0.011729897931218147,0.02183737307786941,0.0375642839819193,0.0,0.0,0.0,0.0,0.0,0.0,0.7284426987171172,1.8508800268173218,2.701173448562622,3.832544946670532
2047-06,2047-06-01,global_mlp,2026-03,8.641441,0.012129966169595718,1.828859806060791,False,0.0,0.0,external_power_zero,Sleipner A,,False,0.0,0.0024397320346906753,0.012129966169595718,0.020622297376394257,0.035887490212917345,0.0,0.0,0.0,0.0,0.0,0.0,0.7108745813369749,1.828859806060791,2.6730456352233887,3.809527945518494
2047-07,2047-07-01,global_mlp,2026-03,8.641441,0.01000183867290616,1.8175259828567505,False,0.0,0.0,external_power_zero,Sleipner A,,False,0.0,5.695330255548377e-05,0.01000183867290616,0.01891585737466812,0.03472708500921727,0.0,0.0,0.0,0.0,0.0,0.0,0.6879420816898345,1.8175259828567505,2.6477698802947995,3.7890430450439454
2047-08,2047-08-01,global_mlp,2026-03,8.641441,0.009824549313634634,1.787654459476471,False,0.0,0.0,external_power_zero,Sleipner A,,False,0.0,0.0,0.009824549313634634,0.018720118142664426,0.035287700966000556,0.0,0.0,0.0,0.0,0.0,0.0,0.6789908051490784,1.787654459476471,2.6245965242385862,3.7558226585388192
2047-09,2047-09-01,global_mlp,2026-03,8.641441,0.010279851965606213,1.7660879492759705,False,0.0,0.0,external_power_zero,Sleipner A,,False,0.0,0.0,0.010279851965606213,0.020085031911730764,0.034452865272760404,0.0,0.0,0.0,0.0,0.0,0.0,0.6708596467971799,1.7660879492759705,2.5825508594512936,3.7282546281814586
2047-10,2047-10-01,global_mlp,2026-03,8.641441,0.007180256536230445,1.7467715740203857,False,0.0,0.0,external_power_zero,Sleipner A,,False,0.0,0.0,0.007180256536230445,0.017806966416537746,0.033831230178475384,0.0,0.0,0.0,0.0,0.0,0.0,0.6690235853195188,1.7467715740203857,2.567524480819702,3.7187778472900397
2047-11,2047-11-01,global_mlp,2026-03,8.641441,0.008418187499046326,1.7307884693145752,False,0.0,0.0,external_power_zero,Sleipner A,,False,0.0,0.0,0.008418187499046326,0.018399459496140476,0.03441134653985502,0.0,0.0,0.0,0.0,0.0,0.0,0.6655373156070706,1.7307884693145752,2.5509819746017453,3.701394772529602
2047-12,2047-12-01,global_mlp,2026-03,8.641441,0.008738165255635977,1.7081490755081177,False,0.0,0.0,external_power_zero,Sleipner A,,False,0.0,0.0,0.008738165255635977,0.018395346216857424,0.03348530232906342,0.0,0.0,0.0,0.0,0.0,0.0,0.6406825900077816,1.7081490755081177,2.532791233062743,3.6874475955963137
2048-01,2048-01-01,global_mlp,2026-03,8.641441,0.008546942379325628,1.6975833773612976,False,0.0,0.0,external_power_zero,Sleipner A,,False,0.0,0.0,0.008546942379325628,0.0180470498278737,0.03187393397092821,0.0,0.0,0.0,0.0,0.0,0.0,0.6149152398109435,1.6975833773612976,2.5233150959014883,3.6453633785247805
2048-02,2048-02-01,global_mlp,2026-03,8.641441,0.007283453596755862,1.6718188524246216,False,0.0,0.0,external_power_zero,Sleipner A,,False,0.0,0.0,0.007283453596755862,0.019060301966965194,0.03614887893199921,0.0,0.0,0.0,0.0,0.0,0.0,0.6083948314189909,1.6718188524246216,2.5111747980117793,3.6173071622848516
2048-03,2048-03-01,global_mlp,2026-03,8.641441,0.0036656297743320465,1.6508809924125671,False,0.0,0.0,external_power_zero,Sleipner A,,False,0.0,0.0,0.0036656297743320465,0.015291659627109766,0.03218817114830018,0.0,0.0,0.0,0.0,0.0,0.0,0.6083948314189909,1.6508809924125671,2.4964587450027462,3.603606915473938
2048-04,2048-04-01,global_mlp,2026-03,8.641441,0.011581478640437126,1.6194062232971191,False,0.0,0.0,external_power_zero,Sleipner A,,False,0.0,0.00023594149533891985,0.011581478640437126,0.01871939934790133,0.0333420317620039,0.0,0.0,0.0,0.0,0.0,0.0,0.597730004787445,1.6194062232971191,2.4707403421401977,3.5762897729873666
2048-05,2048-05-01,global_mlp,2026-03,8.641441,0.013421592302620411,1.6023813486099243,False,0.0,0.0,external_power_zero,Sleipner A,,False,0.0,0.0,0.013421592302620411,0.021356868930160998,0.033776267617940905,0.0,0.0,0.0,0.0,0.0,0.0,0.5803923785686492,1.6023813486099243,2.45540554523468,3.5682975769042975
2048-06,2048-06-01,global_mlp,2026-03,8.641441,0.010791274718940258,1.5898719429969788,False,0.0,0.0,external_power_zero,Sleipner A,,False,0.0,0.0,0.010791274718940258,0.020084041729569433,0.03476118706166745,0.0,0.0,0.0,0.0,0.0,0.0,0.5610378563404083,1.5898719429969788,2.436908721923828,3.552640795707703
2048-07,2048-07-01,global_mlp,2026-03,8.641441,0.010415353812277317,1.5809581279754639,False,0.0,0.0,external_power_zero,Sleipner A,,False,0.0,0.0,0.010415353812277317,0.017852540127933022,0.03227985203266144,0.0,0.0,0.0,0.0,0.0,0.0,0.543578541278839,1.5809581279754639,2.4234918117523194,3.540158534049988
2048-08,2048-08-01,global_mlp,2026-03,8.641441,0.00866715656593442,1.5802556872367859,False,0.0,0.0,external_power_zero,Sleipner A,,False,0.0,0.0,0.00866715656593442,0.016102043353021143,0.0326387669891119,0.0,0.0,0.0,0.0,0.0,0.0,0.5279332756996153,1.5802556872367859,2.406807518005371,3.5328731775283817
2048-09,2048-09-01,global_mlp,2026-03,8.641441,0.00787782296538353,1.5674185156822205,False,0.0,0.0,external_power_zero,Sleipner A,,False,0.0,0.0,0.00787782296538353,0.017893450893461692,0.035487718880176544,0.0,0.0,0.0,0.0,0.0,0.0,0.5121690809726716,1.5674185156822205,2.3802273273468018,3.514954423904419
2048-10,2048-10-01,global_mlp,2026-03,8.641441,0.004223284311592579,1.5413913130760193,False,0.0,0.0,external_power_zero,Sleipner A,,False,0.0,0.0,0.004223284311592579,0.015249141585081808,0.030964501202106476,0.0,0.0,0.0,0.0,0.0,0.0,0.4884862154722214,1.5413913130760193,2.366486477851867,3.492367196083069
2048-11,2048-11-01,global_mlp,2026-03,8.641441,0.006812918931245804,1.518649935722351,False,0.0,0.0,external_power_zero,Sleipner A,,False,0.0,0.0,0.006812918931245804,0.017279649898409834,0.03417466245591642,0.0,0.0,0.0,0.0,0.0,0.0,0.4764477491378783,1.518649935722351,2.3456454753875726,3.478272294998169
2048-12,2048-12-01,global_mlp,2026-03,8.641441,0.006765072466805577,1.5087153911590576,False,0.0,0.0,external_power_zero,Sleipner A,,False,0.0,0.0,0.006765072466805577,0.019036349840462194,0.03371187448501587,0.0,0.0,0.0,0.0,0.0,0.0,0.46383825242519355,1.5087153911590576,2.3186903476715086,3.4669985294342043
2049-01,2049-01-01,global_mlp,2026-03,8.641441,0.007072866894304752,1.4478457570075989,False,0.0,0.0,external_power_zero,Sleipner A,,False,0.0,0.0,0.007072866894304752,0.01862926818430423,0.034168198332190515,0.0,0.0,0.0,0.0,0.0,0.0,0.4249286711215971,1.4478457570075989,2.2985641002655024,3.4464551687240608
2049-02,2049-02-01,global_mlp,2026-03,8.641441,0.0060355509631335735,1.4289050102233887,False,0.0,0.0,external_power_zero,Sleipner A,,False,0.0,0.0,0.0060355509631335735,0.017461700551211833,0.03343802355229856,0.0,0.0,0.0,0.0,0.0,0.0,0.40305232405662517,1.4289050102233887,2.288446068763733,3.4233484268188477
2049-03,2049-03-01,global_mlp,2026-03,8.641441,0.002726204344071448,1.4139981865882874,False,0.0,0.0,external_power_zero,Sleipner A,,False,0.0,0.0,0.002726204344071448,0.01594247817993164,0.03109301365911962,0.0,0.0,0.0,0.0,0.0,0.0,0.3832469999790191,1.4139981865882874,2.2781336069107048,3.405607652664185
2049-04,2049-04-01,global_mlp,2026-03,8.641441,0.010346575640141964,1.3837506771087646,False,0.0,0.0,external_power_zero,Sleipner A,,False,0.0,0.0,0.010346575640141964,0.019283033907413483,0.03561790622770787,0.0,0.0,0.0,0.0,0.0,0.0,0.36271631121635434,1.3837506771087646,2.2657541990280143,3.4005407810211183
2049-05,2049-05-01,global_mlp,2026-03,8.641441,0.011986273806542158,1.354252278804779,False,0.0,0.0,external_power_zero,Sleipner A,,False,0.0,0.0,0.011986273806542158,0.02046906072646379,0.03565004132688046,0.0,0.0,0.0,0.0,0.0,0.0,0.32425708174705486,1.354252278804779,2.253019309043884,3.377944946289063
2049-06,2049-06-01,global_mlp,2026-03,8.641441,0.011738020926713943,1.3228510618209839,False,0.0,0.0,external_power_zero,Sleipner A,,False,0.0,0.0,0.011738020926713943,0.01996651552617549,0.035069859400391576,0.0,0.0,0.0,0.0,0.0,0.0,0.31118572652339926,1.3228510618209839,2.238806653022766,3.354972791671753
2049-07,2049-07-01,global_mlp,2026-03,8.641441,0.008292546030133963,1.2947582602500916,False,0.0,0.0,external_power_zero,Sleipner A,,False,0.0,0.0,0.008292546030133963,0.018209424987435326,0.03383289501070976,0.0,0.0,0.0,0.0,0.0,0.0,0.28401789069175704,1.2947582602500916,2.2189343214035033,3.3389865875244142
2049-08,2049-08-01,global_mlp,2026-03,8.641441,0.007529863389208913,1.2796436548233032,False,0.0,0.0,external_power_zero,Sleipner A,,False,0.0,0.0,0.007529863389208913,0.01745345927774906,0.03291577324271202,0.0,0.0,0.0,0.0,0.0,0.0,0.26659905314445487,1.2796436548233032,2.2030353307724,3.323591494560242
2049-09,2049-09-01,global_mlp,2026-03,8.641441,0.004943501204252243,1.2607336044311523,False,0.0,0.0,external_power_zero,Sleipner A,,False,0.0,0.0,0.004943501204252243,0.018231546506285647,0.034037574380636225,0.0,0.0,0.0,0.0,0.0,0.0,0.2469341710209844,1.2607336044311523,2.174230647087097,3.302427983283997
2049-10,2049-10-01,global_mlp,2026-03,8.641441,0.005312771303579211,1.2565668225288391,False,0.0,0.0,external_power_zero,Sleipner A,,False,0.0,0.0,0.005312771303579211,0.016146608628332615,0.029253497533500195,0.0,0.0,0.0,0.0,0.0,0.0,0.23226293176412532,1.2565668225288391,2.157349348068237,3.28984124660492
2049-11,2049-11-01,global_mlp,2026-03,8.641441,0.0041479323990643024,1.2298113107681274,False,0.0,0.0,external_power_zero,Sleipner A,,False,0.0,0.0,0.0041479323990643024,0.01742334049195051,0.032105888426303866,0.0,0.0,0.0,0.0,0.0,0.0,0.21260408312082235,1.2298113107681274,2.136770248413086,3.275954961776734
2049-12,2049-12-01,global_mlp,2026-03,8.641441,0.006051926640793681,1.2298113107681274,False,0.0,0.0,external_power_zero,Sleipner A,,False,0.0,0.0,0.006051926640793681,0.017341899499297143,0.034526591002941136,0.0,0.0,0.0,0.0,0.0,0.0,0.1972046300768844,1.2298113107681274,2.10997097492218,3.274502515792847
2050-01,2050-01-01,global_mlp,2026-03,8.641441,0.004405867075547576,1.2298113107681274,False,0.0,0.0,external_power_zero,Sleipner A,,False,0.0,0.0,0.004405867075547576,0.016213337332010268,0.03535760156810284,0.0,0.0,0.0,0.0,0.0,0.0,0.14657507091760633,1.2298113107681274,2.090969014167785,3.267294907569885
2050-02,2050-02-01,global_mlp,2026-03,8.641441,0.006072238553315401,1.2192647457122803,False,0.0,0.0,external_power_zero,Sleipner A,,False,0.0,0.0,0.006072238553315401,0.017994573712348937,0.03702599778771401,0.0,0.0,0.0,0.0,0.0,0.0,0.12500106468796718,1.2192647457122803,2.064922261238097,3.242661285400391
2050-03,2050-03-01,global_mlp,2026-03,8.641441,0.0016639067325741053,1.2039465308189392,False,0.0,0.0,external_power_zero,Sleipner A,,False,0.0,0.0,0.0016639067325741053,0.016367357410490502,0.03247186690568924,0.0,0.0,0.0,0.0,0.0,0.0,0.11992473006248454,1.2039465308189392,2.0388299465179434,3.2185503959655763
2050-04,2050-04-01,global_mlp,2026-03,8.641441,0.009862018749117851,1.1866374015808105,False,0.0,0.0,external_power_zero,Sleipner A,,False,0.0,0.0,0.009862018749117851,0.018707915581762782,0.03340964205563069,0.0,0.0,0.0,0.0,0.0,0.0,0.11401973739266384,1.1866374015808105,2.0179971694946275,3.190628409385681
2050-05,2050-05-01,global_mlp,2026-03,8.641441,0.010501476004719734,1.1515405178070068,False,0.0,0.0,external_power_zero,Sleipner A,,False,0.0,0.0,0.010501476004719734,0.01999415606260299,0.03598991818726064,0.0,0.0,0.0,0.0,0.0,0.0,0.10819236114621156,1.1515405178070068,1.9901951193809504,3.1372551679611207
2050-06,2050-06-01,global_mlp,2026-03,8.641441,0.009436571504920721,1.118411898612976,False,0.0,0.0,external_power_zero,Sleipner A,,False,0.0,0.0,0.009436571504920721,0.019896369427442547,0.03398739732801915,0.0,0.0,0.0,0.0,0.0,0.0,0.09821698665618896,1.118411898612976,1.9695725321769706,3.103670406341553
2050-07,2050-07-01,global_mlp,2026-03,8.641441,0.008141525089740753,1.0927866101264954,False,0.0,0.0,external_power_zero,Sleipner A,,False,0.0,0.0,0.008141525089740753,0.01769352462142705,0.032847875356674196,0.0,0.0,0.0,0.0,0.0,0.0,0.08477121293544769,1.0927866101264954,1.9444869279861439,3.0937026977539066
2050-08,2050-08-01,global_mlp,2026-03,8.641441,0.0055453546810895205,1.074722170829773,False,0.0,0.0,external_power_zero,Sleipner A,,False,0.0,0.0,0.0055453546810895205,0.016562682017683975,0.032072414830327044,0.0,0.0,0.0,0.0,0.0,0.0,0.0696146920323371,1.074722170829773,1.9292301177978508,3.072950005531311
2050-09,2050-09-01,global_mlp,2026-03,8.641441,0.006772879511117935,1.0572900176048279,False,0.0,0.0,external_power_zero,Sleipner A,,False,0.0,0.0,0.006772879511117935,0.017289948835968964,0.03308714926242831,0.0,0.0,0.0,0.0,0.0,0.0,0.06116354316472966,1.0572900176048279,1.9087273597717285,3.0418689966201784
2050-10,2050-10-01,global_mlp,2026-03,8.641441,0.005524720065295696,1.0482299327850342,False,0.0,0.0,external_power_zero,Sleipner A,,False,0.0,0.0,0.005524720065295696,0.01507934834808109,0.029883852787315854,0.0,0.0,0.0,0.0,0.0,0.0,0.045292850583791185,1.0482299327850342,1.904887866973877,3.0258875370025637
2050-11,2050-11-01,global_mlp,2026-03,8.641441,0.003487928071990609,1.0177298784255981,False,0.0,0.0,external_power_zero,Sleipner A,,False,0.0,0.0,0.003487928071990609,0.01559657230973243,0.032797195017337806,0.0,0.0,0.0,0.0,0.0,0.0,0.03611000776290842,1.0177298784255981,1.8860307216644285,3.0209569692611695
2050-12,2050-12-01,global_mlp,2026-03,8.641441,0.004911530530080199,0.9833839535713196,False,0.0,0.0,external_power_zero,Sleipner A,,False,0.0,0.0,0.004911530530080199,0.015600835625082254,0.033917180821299554,0.0,0.0,0.0,0.0,0.0,0.0,0.027902666851877714,0.9833839535713196,1.8583346724510188,3.0178172111511232
2051-01,2051-01-01,global_mlp,2026-03,8.641441,0.004906839691102505,0.9767939448356628,False,0.0,0.0,external_power_zero,Sleipner A,,False,0.0,0.0,0.004906839691102505,0.01709211077541113,0.035073344781994836,0.0,0.0,0.0,0.0,0.0,0.0,0.0,0.9767939448356628,1.8439867615699768,3.004463911056519
2051-02,2051-02-01,global_mlp,2026-03,8.641441,0.004109988687559962,0.9748490154743195,False,0.0,0.0,external_power_zero,Sleipner A,,False,0.0,0.0,0.004109988687559962,0.017040496133267864,0.03513039313256741,0.0,0.0,0.0,0.0,0.0,0.0,0.0,0.9748490154743195,1.8300826311111447,2.9847109079360967
2051-03,2051-03-01,global_mlp,2026-03,8.641441,0.0027835676446557045,0.9592883288860321,False,0.0,0.0,external_power_zero,Sleipner A,,False,0.0,0.0,0.0027835676446557045,0.015445550717413424,0.03333657793700695,0.0,0.0,0.0,0.0,0.0,0.0,0.0,0.9592883288860321,1.8173602938652036,2.977125859260559
