month,date,production_forecast_msm3oe_q10,production_forecast_msm3oe_q30,production_forecast_msm3oe_q50,production_forecast_msm3oe_q70,production_forecast_msm3oe_q90,fuel_gas_forecast_msm3_q10,fuel_gas_forecast_msm3_q30,fuel_gas_forecast_msm3_q50,fuel_gas_forecast_msm3_q70,fuel_gas_forecast_msm3_q90
2026-04,2026-04-01,16.711385917663574,18.957509422302245,20.10769748687744,21.36254177093506,24.92041759490967,180.7934143066406,242.8180923461914,270.3111572265625,293.1966186523437,337.6143798828125
2026-05,2026-05-01,15.453235721588134,18.303344917297363,19.521496772766113,21.090121269226074,24.01922607421875,152.3906005859375,225.72144775390623,264.1721954345703,284.9130096435547,317.6132141113282
2026-06,2026-06-01,15.417260074615479,17.834053421020506,19.1245756149292,20.4241849899292,22.753125762939455,148.66787261962892,238.944807434082,260.96449279785156,285.45299072265624,317.0111907958985
2026-07,2026-07-01,15.270780658721923,17.934795379638672,19.104397773742676,20.225974082946774,22.92244338989258,155.48196563720703,238.40226287841796,267.85955810546875,294.4717651367187,333.9017730712891
2026-08,2026-08-01,15.121867084503174,17.727414894104005,18.904953956604004,20.29157943725586,22.646989822387695,163.18589630126954,232.21721954345702,258.5087432861328,278.8352874755859,325.84510498046876
2026-09,2026-09-01,14.810649585723876,17.74416561126709,19.51505184173584,20.975077056884764,23.534751892089844,142.21195526123046,233.53642578125,259.7403106689453,283.5276428222656,338.97778625488286
2026-10,2026-10-01,15.071236610412598,17.933953475952148,19.389229774475098,20.79378318786621,23.212380027770998,141.8565444946289,229.07019653320313,259.075439453125,279.42064514160154,328.4714630126954
2026-11,2026-11-01,14.996684074401857,18.363096237182617,20.02536392211914,21.349263000488282,23.696729278564455,142.7742431640625,226.43251495361326,259.46942138671875,285.3500762939453,333.2374938964844
2026-12,2026-12-01,14.9038480758667,18.461054229736327,20.202707290649414,21.59573268890381,24.338784217834473,139.15787658691406,221.84210357666015,249.04647064208984,273.089599609375,311.0952087402344
2027-01,2027-01-01,14.890643787384034,18.13736686706543,20.329269409179688,22.03865280151367,24.18725337982178,117.96313400268555,214.76079254150392,249.06739807128906,276.5862152099609,316.5586334228516
2027-02,2027-02-01,14.41308174133301,17.665626525878906,20.0102596282959,21.581014823913574,24.1350980758667,117.14605484008793,198.95917816162108,245.53662872314453,277.3343078613281,327.0464172363282
2027-03,2027-03-01,12.66478319168091,17.55265121459961,19.565274238586426,21.24884204864502,23.61579456329346,98.1049552917481,201.4597946166992,244.42657470703125,277.0225524902344,313.9632049560547
2027-04,2027-04-01,12.801136016845703,16.433076286315917,18.481090545654297,20.3612922668457,24.12366695404053,115.32031250000001,179.5219299316406,222.02877807617188,254.01142425537108,295.6238098144531
2027-05,2027-05-01,12.487788009643555,15.372196292877197,17.75586986541748,19.99655952453613,23.2058500289917,109.00292587280273,169.41790466308592,212.90194702148438,244.416340637207,294.2930572509766
2027-06,2027-06-01,12.616001224517822,15.298198699951172,17.38186740875244,19.309315872192382,22.56452350616455,111.47330398559572,183.70375213623046,215.88121795654297,252.8478271484375,287.86687927246095
2027-07,2027-07-01,12.147845363616943,15.35711498260498,17.451618194580078,19.349931144714354,21.859206199645996,106.06343078613281,174.82156677246093,216.26343536376953,250.65826263427735,295.4384185791016
2027-08,2027-08-01,11.858885097503663,14.907581806182861,17.02814483642578,18.97079544067383,22.037462425231936,94.65923767089843,165.7814926147461,204.8991928100586,239.02582550048828,287.9408355712891
2027-09,2027-09-01,12.358374881744385,15.241100883483886,17.4408016204834,19.719121551513673,22.968591690063477,96.68390502929688,171.51031341552732,213.45314025878906,241.28834381103513,292.5105407714844
2027-10,2027-10-01,11.809690570831298,15.105791759490966,17.08143901824951,19.19118595123291,22.440682029724123,100.73313598632812,173.8925323486328,208.0066146850586,240.2825485229492,279.77333068847656
2027-11,2027-11-01,12.21069040298462,15.360188007354736,17.89985752105713,19.997859382629393,23.46056995391846,93.25272750854492,176.8851791381836,213.64111328125,239.31224517822267,283.8085174560547
2027-12,2027-12-01,11.922459506988526,15.426523208618164,17.61711883544922,19.9318395614624,23.994097900390628,86.81166229248049,164.27484741210938,205.25890350341797,234.84027709960932,286.1479400634766
2028-01,2028-01-01,11.665574169158937,15.254870414733887,17.70858860015869,20.26082668304443,23.661607933044436,69.90486450195313,140.32516326904297,177.53695678710938,202.7588150024414,240.8167434692383
2028-02,2028-02-01,11.368355560302735,15.40394115447998,17.785465240478516,19.887977600097656,24.258315467834475,65.65872573852539,132.61739807128907,171.559326171875,202.8781616210937,252.82866973876955
2028-03,2028-03-01,10.001372528076171,15.141564083099365,17.204038619995117,19.390007781982423,22.99531421661377,51.57285041809084,122.86412124633789,164.30550384521484,198.71609649658203,246.76150817871098
2028-04,2028-04-01,10.223481941223145,13.725687503814695,16.242080688476562,18.31676864624023,21.03742427825928,88.73939056396486,131.9319061279297,165.33863067626953,193.49919738769532,242.97932586669924
2028-05,2028-05-01,9.468849849700929,13.173162841796875,15.399527549743652,17.564481544494626,20.321279335021973,80.54429779052735,126.0961700439453,161.1040802001953,189.8462677001953,236.8261444091797
2028-06,2028-06-01,9.477019023895265,13.19014835357666,15.111881732940674,17.21697406768799,19.72430000305176,77.80449829101563,125.12137832641602,159.09931182861328,185.53988189697264,229.32010192871093
2028-07,2028-07-01,9.277826118469239,12.893635463714599,14.826870918273926,16.85974407196045,19.679720878601074,72.11069030761722,129.04969635009766,162.00118255615234,186.76473999023438,234.9355606079102
2028-08,2028-08-01,9.215243911743164,12.93853588104248,14.745505332946777,16.644428634643553,19.46924285888672,57.429904556274415,116.38626403808593,152.3471221923828,179.23468475341792,234.13728942871094
2028-09,2028-09-01,9.501789569854736,13.208265399932861,14.82689905166626,16.953893852233886,19.839157485961913,51.943690109252934,113.3557144165039,154.9686050415039,187.0619323730469,235.32156372070312
2028-10,2028-10-01,8.985682201385497,12.988247394561768,15.071125507354736,17.10465431213379,20.265620613098143,64.20062942504883,115.41230545043945,150.94539642333984,184.91750335693357,226.88175048828126
2028-11,2028-11-01,9.78301830291748,13.13768491744995,15.197246551513672,17.276693534851074,20.457040023803714,41.19450569152834,112.70969772338866,148.18328094482422,184.25275115966795,240.7861511230469
2028-12,2028-12-01,9.352860450744629,12.709212589263917,15.137812614440918,17.461493682861327,20.570744705200198,48.95322380065918,106.13178710937498,146.22530364990234,178.37685546874997,235.9875900268555
2029-01,2029-01-01,9.739726161956787,12.930516052246094,15.204583168029785,17.33049449920654,20.65145359039307,46.488036727905275,107.41444931030271,139.41515350341797,176.4101593017578,222.67080841064455
2029-02,2029-02-01,9.413586235046386,12.592049407958983,14.961157321929932,17.060461807250974,20.426458549499515,33.10678424835207,102.1913703918457,142.57933807373047,176.5554183959961,231.56108856201175
2029-03,2029-03-01,8.247338390350343,12.184865283966065,14.194219589233398,16.34257564544678,19.61540203094483,26.025881195068383,92.97244186401366,133.14825439453125,166.84781188964843,214.31016693115234
2029-04,2029-04-01,8.161075687408449,11.178155517578125,13.28388261795044,15.122523021697994,18.17166976928711,72.13682022094727,113.23362503051757,138.0839080810547,166.5327255249023,219.06361236572272
2029-05,2029-05-01,8.58284559249878,10.855434131622314,12.752171993255615,14.783544158935543,17.03083381652832,61.814670944213866,105.48218688964842,133.4390869140625,158.66706390380853,208.66399230957035
2029-06,2029-06-01,7.8385243892669685,10.474013710021973,12.188718318939209,14.17131071090698,16.34822750091553,58.63560752868653,94.71339569091796,129.6207275390625,160.88013916015623,203.63542633056642
2029-07,2029-07-01,7.779476499557495,10.447573852539062,12.429837703704834,13.98405933380127,16.46101875305176,58.848638534545906,100.64160842895508,132.7627716064453,164.61751251220699,212.03953094482426
2029-08,2029-08-01,7.730110216140748,10.286651229858398,12.03504753112793,13.828357505798339,16.391765785217284,45.68694381713868,87.83755187988281,123.21247482299805,151.1808395385742,201.36564788818364
2029-09,2029-09-01,7.829169702529907,10.341934204101562,12.136845111846924,13.89056625366211,17.056105041503905,46.51774978637696,90.91810150146483,128.4144058227539,156.53380126953124,206.96243591308595
2029-10,2029-10-01,7.851169919967651,10.425740718841553,12.206914901733398,13.701564025878904,17.100540161132816,46.07952613830567,94.26318893432617,127.36921310424805,157.8645446777344,208.6958236694336
2029-11,2029-11-01,8.047527885437011,10.671527957916258,12.43711233139038,14.1313325881958,16.976301765441896,42.09367637634278,89.46857986450195,125.6144790649414,158.3400238037109,208.15232696533212
2029-12,2029-12-01,7.923103952407837,10.685400009155273,12.33906888961792,14.187611770629882,17.186297607421874,30.21426620483399,82.751025390625,119.7235221862793,149.73376159667967,195.18723602294924
2030-01,2030-01-01,7.638827466964722,10.554481506347656,12.450350284576416,14.438303470611572,17.457470130920413,27.46879768371582,79.70805435180664,114.64168167114258,141.63897552490232,191.68457031250006
2030-02,2030-02-01,7.391283750534058,10.507126140594483,12.326993942260742,14.038616085052489,16.89766082763672,24.12801914215088,76.1833366394043,111.98542404174805,144.72761383056638,194.02552032470706
2030-03,2030-03-01,6.897457456588746,9.800090312957764,12.026997089385986,13.596635437011718,16.667439270019532,22.520678329467778,69.42842559814453,102.59341049194336,137.46758880615235,203.65701293945312
2030-04,2030-04-01,6.992111730575561,9.436925411224365,11.192846298217773,12.698125457763672,15.517404937744141,61.36821403503418,89.37061386108398,114.16106414794922,152.1540100097656,204.8562133789063
2030-05,2030-05-01,6.638104820251465,9.158276844024659,10.64234972000122,12.203806686401368,14.620681953430177,57.968840026855474,86.95203857421875,110.95610046386719,138.8336990356445,193.83158721923832
2030-06,2030-06-01,6.6585899829864506,9.029143142700194,10.457626819610596,11.814243412017822,14.328073596954345,57.55802040100098,88.10699996948242,111.46595764160156,140.20624542236325,189.55208587646484
2030-07,2030-07-01,6.651138830184936,8.880703926086426,10.347041130065918,11.700552463531494,14.177350521087648,56.98862991333008,88.70348205566405,113.47209548950195,141.4997802734375,189.54489440917973
2030-08,2030-08-01,6.669106435775758,8.74652156829834,10.027647972106934,11.722926425933839,13.969409942626955,46.78106536865234,76.12391662597656,100.1907958984375,132.28332214355467,177.96932525634764
2030-09,2030-09-01,6.5971947669982915,8.673710918426513,10.321931838989258,12.021100044250488,14.40484495162964,47.21619148254395,78.8619987487793,105.65069198608398,138.13452758789063,191.4365264892578
2030-10,2030-10-01,6.6648478507995605,8.87386770248413,10.513860702514648,11.989627456665039,14.33703031539917,51.73961372375489,85.38041229248047,109.82511138916016,140.82041778564454,189.82848815917973
2030-11,2030-11-01,6.926670789718628,9.26159143447876,10.920722007751465,12.380831050872802,14.413467884063722,47.41157455444336,77.70088272094726,104.47216796875,135.22102966308591,195.10406188964845
2030-12,2030-12-01,6.641219186782837,8.975123405456543,10.747161388397217,12.360584926605224,14.707353591918945,39.081279754638686,73.55828704833985,102.78286361694336,128.94582061767576,185.8659439086914
2031-01,2031-01-01,6.803304147720338,9.104937362670897,10.497959613800049,12.143961906433098,14.651253223419191,37.78374404907227,72.68443298339844,98.4162712097168,124.10581130981446,180.25086975097656
2031-02,2031-02-01,6.325459003448486,9.192043685913086,10.549213409423828,12.224381256103515,14.648258876800538,31.696799468994147,71.10614929199218,94.49021530151367,125.53038482666015,180.96212768554688
2031-03,2031-03-01,5.7934776782989506,8.64822759628296,10.231172561645508,11.726782226562499,14.264624118804932,24.81695652008057,67.06580657958985,95.3627700805664,126.32134323120115,170.5402786254883
2031-04,2031-04-01,6.375863552093507,8.302861976623534,9.764106750488281,11.190202045440673,14.039071178436279,57.605144500732436,89.21921463012696,105.89595031738281,129.8110198974609,168.97539215087892
2031-05,2031-05-01,6.065470838546753,8.132576847076416,9.377414226531982,10.857357788085935,13.023925399780275,46.798881530761726,79.91174774169922,99.45831680297852,126.84653320312495,163.57911071777355
2031-06,2031-06-01,6.134353446960449,7.9207805633544925,9.140296459197998,10.453764724731444,12.75625400543213,49.237182235717775,78.13246612548828,100.82097244262695,127.68019104003902,165.810400390625
2031-07,2031-07-01,5.9622828483581545,7.938673591613769,9.307451248168945,10.606043434143066,12.808101081848147,48.379356384277344,82.88463058471679,104.00150299072266,126.75118179321288,173.54063110351564
2031-08,2031-08-01,5.721349096298218,7.486010694503784,9.131821632385254,10.311038589477537,12.703899288177492,33.22015609741211,66.918505859375,91.92924118041992,118.522013092041,161.54172363281253
2031-09,2031-09-01,5.551188135147095,7.612522315979004,9.301374912261963,10.59770975112915,12.944517707824708,34.36922912597657,76.30821075439454,99.64461898803711,121.98365859985351,164.32767639160159
2031-10,2031-10-01,5.408438396453858,7.590349626541138,9.36092758178711,10.785370445251464,13.063839721679688,38.546533584594734,75.88763732910157,99.04018783569336,124.17112579345701,166.2211776733399
2031-11,2031-11-01,5.7862574577331545,7.817661905288696,9.552584648132324,10.833830547332761,12.722046089172364,35.12998008728027,69.7418731689453,94.05613708496094,124.80827178955079,168.55423583984378
2031-12,2031-12-01,5.66961898803711,7.953297901153564,9.300540924072266,10.65540437698364,13.19634656906128,27.493135833740237,62.43612976074218,89.84281539916992,117.6311897277832,166.41695098876954
2032-01,2032-01-01,6.1033699989318855,7.974446582794189,9.69400405883789,11.048961544036864,13.374514865875247,27.307791900634786,66.20591278076171,88.42169189453125,114.31853561401365,153.11719970703126
2032-02,2032-02-01,5.571969366073608,7.744878482818604,9.321125984191895,10.935097217559814,13.19039926528931,20.677028656005863,61.77007293701172,87.58795928955078,116.55892105102538,169.4954940795899
2032-03,2032-03-01,5.128118753433228,7.463332080841064,9.023948192596436,10.537537479400635,12.904727745056153,15.64711484909058,55.964334869384764,87.65966415405273,116.16637649536132,163.36333465576175
2032-04,2032-04-01,5.181220674514771,7.510445880889892,8.519285678863525,9.849419212341306,12.196516799926759,45.199459075927734,74.76886596679687,99.90164947509766,125.04859924316403,164.66186981201173
2032-05,2032-05-01,5.304710769653321,7.2412176609039305,8.584019660949707,9.726000118255614,11.94327564239502,43.18961944580079,68.09519042968749,90.11233520507812,114.84384460449218,158.32982482910157
2032-06,2032-06-01,5.238644552230835,7.19464693069458,8.297647476196289,9.312940120697021,11.248451805114748,39.75467872619629,72.2220947265625,91.03166198730469,115.86371536254882,155.98715972900393
2032-07,2032-07-01,5.123824644088745,7.1168067932128904,8.254154682159424,9.43787202835083,11.171421432495121,38.98919754028321,73.75562973022461,94.9168815612793,117.80753173828124,154.67454223632816
2032-08,2032-08-01,4.968087530136109,6.847521781921386,8.04624605178833,9.011490535736083,10.56345376968384,32.11214275360108,55.262116241455075,83.07880783081055,111.52923965454097,151.3301239013672
2032-09,2032-09-01,5.3172451019287115,6.938359308242798,8.110281467437744,9.242011642456054,11.265469932556153,29.828776741027834,63.628226852416994,87.60815811157227,112.93388214111327,161.61230163574226
2032-10,2032-10-01,4.899592685699463,6.978373765945435,8.287449836730957,9.38046827316284,11.404619216918945,28.63181629180909,70.32837448120117,90.18891906738281,119.29122390747067,152.6779724121094
2032-11,2032-11-01,5.306743097305298,7.063755035400391,8.418572425842285,9.708354473114014,11.51959342956543,22.65575065612794,59.76324195861816,84.3618278503418,112.90375366210937,153.0998687744141
2032-12,2032-12-01,5.192631244659424,6.9017072200775145,8.38430118560791,9.764558506011962,11.780156517028809,18.731986427307135,53.0101577758789,77.02377700805664,102.18167114257811,152.7567337036133
2033-01,2033-01-01,4.968523836135865,7.099526786804199,8.613714694976807,9.90379180908203,11.834776973724368,11.412552547454837,54.52058410644531,75.89125061035156,102.77578811645506,143.60785522460944
2033-02,2033-02-01,5.266436433792114,7.129475116729736,8.548997402191162,9.729298400878905,11.941686820983888,13.793745994567873,51.646937942504884,73.89030838012695,100.34517135620112,147.1097381591797
2033-03,2033-03-01,4.587975883483887,6.803215074539184,8.21195125579834,9.455660820007322,11.38861541748047,10.085943889617921,48.347463989257804,73.23154067993164,103.28291091918945,150.78501281738284
2033-04,2033-04-01,4.586085367202759,6.592346715927124,7.859269857406616,8.924624824523926,11.488101291656495,44.40772018432617,76.1676513671875,95.1783561706543,116.94091415405273,158.65754852294924
2033-05,2033-05-01,4.427295446395874,6.391706943511963,7.719467401504517,8.895447158813477,11.110007762908936,38.47250518798828,65.59125595092773,84.900146484375,105.97908935546872,147.6832015991211
2033-06,2033-06-01,4.5124941825866705,6.151967763900757,7.243101358413696,8.532456970214843,10.676385879516602,38.36177291870117,67.23212814331055,84.63165283203125,106.44845657348633,153.70540924072264
2033-07,2033-07-01,4.292741394042969,6.203744220733642,7.357109546661377,8.522501754760743,10.52099666595459,37.097075653076175,69.91945419311523,90.30123138427734,109.95222854614255,146.52838745117188
2033-08,2033-08-01,4.329969024658203,6.01905198097229,7.187888145446777,8.20086669921875,10.231600379943847,34.074667358398436,56.55201110839844,74.49250793457031,95.10312118530273,143.60310974121097
2033-09,2033-09-01,4.4843615055084225,6.219849157333374,7.2296671867370605,8.584311866760252,10.57200059890747,32.895272445678714,57.704423141479495,78.78763961791992,96.65615158081053,143.9175506591797
2033-10,2033-10-01,4.609100246429444,6.004821062088013,7.279271364212036,8.668831348419188,10.736121463775635,34.04481086730957,61.35477714538574,83.94839096069336,104.87981033325194,152.17797088623047
2033-11,2033-11-01,4.58461651802063,6.149307012557983,7.476818084716797,8.799658584594725,11.27867832183838,31.53656444549561,56.28981018066406,74.6686897277832,102.44396820068357,145.52498931884767
2033-12,2033-12-01,4.315614986419678,6.122257041931152,7.42239236831665,8.806796646118164,10.98394889831543,27.053993034362797,49.584130096435544,70.83122634887695,93.24464645385741,148.76409912109378
2034-01,2034-01-01,3.992119026184082,6.022222661972045,7.4639599323272705,8.751084613800048,11.493004512786866,23.737036895751956,49.18231544494629,71.92484283447266,95.21892776489257,137.59489898681642
2034-02,2034-02-01,3.942319893836975,5.901379966735839,7.513026237487793,8.646133327484131,11.441809558868409,22.795804595947267,49.83631935119627,69.51562118530273,96.56741027832028,138.18906860351564
2034-03,2034-03-01,3.38881573677063,5.832930088043213,7.20862889289856,8.510776138305664,10.834775638580322,15.187169361114504,44.116814041137694,65.30813598632812,91.98325729370104,132.96779632568362
2034-04,2034-04-01,3.8655074119567874,5.614283895492553,6.713176727294922,7.8831124782562245,9.964890575408935,43.686835861206056,67.61527938842774,87.40932846069336,108.41082458496092,147.59222564697265
2034-05,2034-05-01,3.878424167633057,5.412910985946655,6.6159937381744385,7.743352270126341,9.83698329925537,37.899529266357426,60.605169677734374,79.72531509399414,102.7864791870117,135.75330200195316
2034-06,2034-06-01,3.8284704446792603,5.415254163742065,6.41444730758667,7.645273494720459,9.499618911743164,37.1586410522461,59.45086936950683,78.68973541259766,101.20365829467772,137.27227020263672
2034-07,2034-07-01,3.647568774223328,5.421701288223266,6.450245141983032,7.693517923355099,9.265711116790772,38.420789337158205,59.60158805847168,82.92780303955078,103.66993331909178,135.96233978271488
2034-08,2034-08-01,3.596775484085083,5.266259670257568,6.270692825317383,7.3586661338806145,9.249053287506104,30.020279502868657,52.75945014953613,69.32946395874023,93.42677383422851,131.0090484619141
2034-09,2034-09-01,3.7324889659881593,5.132999658584595,6.279095888137817,7.559387397766113,9.373409938812255,30.815066719055178,55.97548484802246,77.3564567565918,101.10769958496093,136.0188613891602
2034-10,2034-10-01,3.5194794654846193,5.000539493560791,6.360030174255371,7.788368797302246,9.574741268157961,32.337980651855474,55.675498199462886,76.6028938293457,100.03361587524414,127.76704177856448
2034-11,2034-11-01,3.3958526849746704,5.359355640411376,6.666966676712036,8.024499416351318,10.010480690002442,26.011394500732422,53.568780136108394,75.45031356811523,97.54148406982421,134.21894226074218
2034-12,2034-12-01,3.6345649003982547,5.2962745189666744,6.744527578353882,8.089860820770264,9.620738124847417,23.278321075439454,50.804132080078126,69.72791290283203,91.97227401733397,124.77364349365234
2035-01,2035-01-01,3.4399783849716186,5.400248575210571,6.698015451431274,7.989694786071776,10.112290573120118,21.238832283020024,46.80815620422363,67.515869140625,91.21657180786131,128.55228729248051
2035-02,2035-02-01,3.5071757793426515,5.380758476257324,6.516839981079102,7.95913987159729,9.942673778533937,20.74464721679688,46.20222778320312,65.77866744995117,86.29161911010735,126.78948440551761
2035-03,2035-03-01,3.1714280366897585,5.141750478744506,6.35509991645813,7.557958412170409,9.679891109466553,15.439403057098392,39.16078147888184,61.23821258544922,84.13978500366208,125.3942352294922
2035-04,2035-04-01,3.6277601003646853,4.946615695953369,6.056780815124512,7.2923758029937735,9.236259078979494,37.38569793701172,61.58212852478027,79.8519515991211,104.82495956420894,137.73495788574218
2035-05,2035-05-01,3.4903371334075928,4.96264533996582,5.970222234725952,7.3651102542877185,8.870378017425537,28.94144973754883,57.126027679443354,73.44081115722656,95.15647811889647,128.50754852294924
2035-06,2035-06-01,3.391300320625305,4.616091394424439,5.7606751918792725,6.858612585067749,8.539157962799072,27.154219627380375,52.44441871643066,70.89257431030273,91.49267425537109,118.47915725708008
2035-07,2035-07-01,3.3811006069183356,4.63613109588623,5.839576721191406,6.802145147323609,8.93359661102295,29.92574119567871,53.80640983581542,74.0234603881836,95.23638992309569,126.56478118896484
2035-08,2035-08-01,3.2946073055267333,4.530320501327514,5.77232551574707,6.725843143463134,8.478459358215334,26.344017791748048,45.371074676513665,61.968360900878906,81.85929565429687,108.46458816528323
2035-09,2035-09-01,3.1789951801300047,4.51709942817688,5.8282716274261475,6.778735351562499,8.555578517913819,24.493458747863777,49.8823314666748,67.38761138916016,87.35489654541016,119.0873016357422
2035-10,2035-10-01,2.8913554191589355,4.5043984889984126,5.6813063621521,6.809709262847901,8.61307077407837,21.717640876770027,52.275792312622066,69.36507797241211,92.00376663208007,125.6238151550293
2035-11,2035-11-01,3.2790694952011115,4.612313079833984,5.868426084518433,7.024889516830444,9.029083919525146,19.36206092834473,46.93283538818359,66.85452270507812,85.36403427124023,119.06270370483401
2035-12,2035-12-01,3.0257617235183716,4.668535614013672,5.826940298080444,6.987072086334227,8.7968074798584,17.045921325683597,41.82057571411132,58.79229164123535,80.95668563842771,110.83749160766602
2036-01,2036-01-01,3.1209561347961428,4.7852984905242915,6.098374128341675,7.096195459365845,9.014192962646485,13.364753246307382,39.63644409179687,58.22679328918457,78.10185928344727,109.49273757934571
2036-02,2036-02-01,3.054331660270691,4.658695650100708,5.992321014404297,7.1094407081604,9.04507827758789,9.541967391967777,41.038060379028316,56.51107406616211,78.86301498413086,111.4542778015137
2036-03,2036-03-01,2.4373586416244506,4.535050392150879,5.585770845413208,6.7882404804229735,8.533953762054445,7.992445325851441,33.96966133117676,53.59124946594238,72.53189697265624,105.45088272094729
2036-04,2036-04-01,2.813753080368042,4.497811698913575,5.505995273590088,6.723944187164307,8.2834547996521,30.381729698181154,54.98083076477051,69.84322738647461,89.10750579833984,125.52583465576177
2036-05,2036-05-01,2.800038862228394,4.274162435531616,5.439756393432617,6.472323465347289,8.061547660827637,23.20000629425049,49.62299652099609,65.68946838378906,84.02021331787108,109.91621932983401
2036-06,2036-06-01,2.830456805229187,4.231753301620484,5.275238513946533,6.280442523956298,7.787454319000244,24.42015895843506,48.646277999877924,63.04501724243164,81.72996215820312,110.80303115844734
2036-07,2036-07-01,2.8152417659759523,4.290412712097168,5.322827577590942,6.443945264816284,7.868153715133667,23.94710063934326,46.962482070922846,64.21416091918945,85.13463134765624,118.0402069091797
2036-08,2036-08-01,2.749072575569153,4.191948795318603,5.123295068740845,6.2409765243530275,7.886796331405641,20.011422920227055,39.975281143188475,57.66308784484863,74.58364868164061,109.07395477294924
2036-09,2036-09-01,2.6678877592086794,4.123994255065917,5.304943084716797,6.299897718429565,7.990891218185426,18.829213333129893,42.18658752441406,59.39229202270508,78.1605743408203,113.59586715698244
2036-10,2036-10-01,2.608622694015503,3.9841901063919067,5.138170480728149,6.25424838066101,7.969770860671997,21.65098056793213,45.16769752502441,61.42503547668457,80.52227783203122,115.61736755371095
2036-11,2036-11-01,2.8504319429397587,4.363212537765503,5.305653810501099,6.4060770034790036,8.181275653839112,16.994671058654788,43.535986328125,58.48982620239258,75.47208557128903,110.9070930480957
2036-12,2036-12-01,2.7899251222610477,4.205654430389404,5.3773322105407715,6.535021448135375,8.167998313903812,13.824731349945072,39.42478370666503,54.48419952392578,72.1024833679199,102.13824234008794
2037-01,2037-01-01,2.5177790403366087,4.142261171340943,5.249524831771851,6.526337528228758,8.168520450592043,11.944660472869879,35.63237724304199,51.56813430786133,71.25599822998046,94.98673248291016
2037-02,2037-02-01,2.60778386592865,4.156222152709961,5.207384824752808,6.477940750122069,8.08310375213623,10.086818599700928,35.12621917724608,52.90229034423828,70.90073928833007,99.76920547485355
2037-03,2037-03-01,2.332766556739807,3.9333694219589233,5.08142352104187,6.129814052581787,7.77582278251648,8.27506046295166,32.37644729614258,48.3585262298584,65.2843521118164,96.16403045654297
2037-04,2037-04-01,2.6523439645767213,4.058229112625122,5.050297260284424,6.060241699218748,7.922410249710083,28.021796607971194,51.55389671325683,64.34672546386719,85.50407485961911,116.26388854980469
2037-05,2037-05-01,2.6652082920074465,4.040968227386474,4.952504634857178,5.993873357772827,7.743229484558106,23.94662265777588,43.049144363403315,57.84798049926758,78.24170303344724,109.49955902099612
2037-06,2037-06-01,2.6009228467941283,3.739099645614624,4.695898532867432,5.593466997146606,7.4701937675476096,25.092501449584965,40.799660873413075,57.132606506347656,75.14140167236327,103.27680587768555
2037-07,2037-07-01,2.3664130926132203,3.7495205879211424,4.542731523513794,5.7980798244476315,7.507951164245606,24.847426986694337,43.06313514709473,57.37803649902344,77.83247070312497,102.75735015869144
2037-08,2037-08-01,2.3974587678909303,3.6598707675933837,4.703772783279419,5.711494874954224,7.203772306442261,19.972093772888186,37.48211860656738,50.64060592651367,68.37610473632813,98.8274742126465
2037-09,2037-09-01,2.395220732688904,3.704573154449463,4.532590866088867,5.722601079940795,7.413545846939088,18.39830379486084,39.141894531249996,53.91310119628906,72.00229797363279,107.5649139404297
2037-10,2037-10-01,2.4710828542709353,3.6325512170791625,4.533334016799927,5.699298429489134,7.314422702789307,18.38383617401124,40.86709518432617,57.94366264343262,74.26339492797851,105.20131149291993
2037-11,2037-11-01,2.5051822423934937,3.709831833839416,4.736560583114624,5.791526412963867,7.70978045463562,17.017420959472656,37.65649757385254,52.87856674194336,71.32973709106444,103.4310531616211
2037-12,2037-12-01,2.466676926612854,3.7652841329574582,4.759408473968506,5.911161708831787,7.551748466491699,14.524349975585938,32.08998260498047,48.159353256225586,65.96842956542967,96.69704360961914
2038-01,2038-01-01,2.3927032232284544,3.7330854892730714,4.70745062828064,5.9716497421264645,7.631485891342166,13.621282672882081,33.20496711730957,46.76565361022949,62.92901496887207,93.22864074707032
2038-02,2038-02-01,2.226538920402527,3.6297382831573484,4.673365592956543,5.6925434112548805,7.630043935775758,10.756229877471926,30.41146297454834,44.38742446899414,61.65503158569336,88.67515411376954
2038-03,2038-03-01,1.9068881630897523,3.4308899879455566,4.457730770111084,5.586823892593383,7.136844778060915,8.110631179809571,27.15671596527099,43.552215576171875,62.035314941406234,99.54027633666992
2038-04,2038-04-01,2.2495238542556764,3.5018484115600583,4.413335800170898,5.50091519355774,7.338793277740479,25.381982040405276,41.848754501342775,57.93247413635254,74.76131439208984,104.8961235046387
2038-05,2038-05-01,2.3451372385025024,3.4713312625885004,4.400048494338989,5.367627191543579,7.225398540496827,22.01485404968262,39.748239517211914,53.35536003112793,70.26427536010739,100.70447998046875
2038-06,2038-06-01,2.241170430183411,3.441787791252136,4.169655799865723,5.138478469848632,6.8737216949462905,22.58928165435791,38.048637008666994,52.332584381103516,68.81570358276363,101.13662414550781
2038-07,2038-07-01,2.1401183128356935,3.259423613548279,4.149653196334839,5.113599538803099,6.986258125305176,20.55016975402832,39.53396034240723,52.8043212890625,67.0041748046875,98.7438415527344
2038-08,2038-08-01,2.1528263092041016,3.187958431243896,4.264103651046753,5.083968067169189,6.716766214370728,17.24592113494873,33.69045829772949,47.115081787109375,60.38089561462402,93.4960922241211
2038-09,2038-09-01,2.023395419120789,3.3519638061523436,4.267499923706055,5.172563695907592,6.978423547744751,18.190972518920898,34.37675514221191,48.715200424194336,65.1185562133789,98.99163589477541
2038-10,2038-10-01,1.9171747207641603,3.3463549375534054,4.303321599960327,5.3085909366607655,7.143925189971924,18.95755195617676,35.40712280273437,49.55577850341797,67.97350540161132,100.58949356079106
2038-11,2038-11-01,1.9786180973052978,3.4542001962661737,4.33844256401062,5.6373937129974365,7.126606178283692,15.037231731414796,32.820662307739255,47.7242431640625,65.72496643066403,96.90690460205079
2038-12,2038-12-01,1.8752594470977786,3.288568353652954,4.372743606567383,5.307780361175536,7.058804655075074,12.645580768585205,29.898064804077148,42.75953483581543,60.59733924865722,92.56250686645508
2039-01,2039-01-01,1.748345410823822,3.2796554088592527,4.401328802108765,5.42667875289917,7.182194042205811,12.088016796112061,28.438512802124016,41.28854560852051,56.53962783813474,88.21530380249025
2039-02,2039-02-01,1.8775962829589847,3.3997052907943726,4.443981647491455,5.3298228740692135,7.065416717529297,7.590716123580935,27.125861740112303,38.99425506591797,56.63411598205566,88.7657455444336
2039-03,2039-03-01,1.6864826202392582,3.1554000854492186,4.164327144622803,5.1607775211334195,6.7204405784606935,7.597045421600345,22.892068099975585,38.06889724731445,56.64109802246089,88.62402801513677
2039-04,2039-04-01,1.7728061199188232,3.2794651508331296,4.124102830886841,5.086620092391968,6.804288959503174,23.44470272064209,40.04207992553711,51.585655212402344,67.8810203552246,94.35231399536133
2039-05,2039-05-01,1.8112929821014407,3.226491928100586,4.165083169937134,5.125207710266113,6.62501244544983,19.87376461029053,35.14870491027832,47.16012954711914,63.159598159790036,88.9992027282715
2039-06,2039-06-01,1.8923437118530275,3.038846921920776,3.9609872102737427,4.79734468460083,6.411423063278199,19.487249374389652,34.1392032623291,46.39216613769531,60.47912788391112,86.90206298828124
2039-07,2039-07-01,1.856374001502991,2.9819035291671754,3.8363176584243774,4.720740413665771,6.132380104064942,18.649211311340334,34.724002075195315,45.67494010925293,61.67804565429687,86.62044525146487
2039-08,2039-08-01,1.7768493294715881,2.8835879802703857,3.838090419769287,4.7391702175140376,6.282675886154175,13.77090482711792,29.85453395843506,42.585472106933594,54.98870048522948,76.35438690185548
2039-09,2039-09-01,1.71016241312027,2.961048340797424,3.861050248146057,4.790178346633911,6.076918029785157,12.87587280273438,31.89951515197754,43.10203552246094,57.25070495605467,80.61265869140625
2039-10,2039-10-01,1.6484623193740846,3.0364643812179564,4.01251745223999,5.068893432617187,6.373207950592041,14.530465126037601,32.156107330322264,45.854780197143555,61.519225692748996,84.91665649414064
2039-11,2039-11-01,1.698296272754669,3.090898323059082,4.105995178222656,5.1009527206420895,6.346480417251587,12.585686206817627,32.00561962127684,42.585126876831055,56.847766494750964,81.45601654052736
2039-12,2039-12-01,1.7133612751960754,3.174230647087097,4.023334503173828,4.9745181560516345,6.335911417007447,10.575189018249514,27.793492317199707,40.707698822021484,55.702762603759766,80.80566329956056
2040-01,2040-01-01,1.693511772155762,3.12963809967041,3.9947822093963623,5.028534173965453,6.627763557434083,7.927294826507568,25.915588760375968,37.514198303222656,53.17528266906738,75.06407318115235
2040-02,2040-02-01,1.5598637819290162,3.072120451927185,4.033981800079346,5.088945388793945,6.411288785934449,6.100087928771976,24.5610179901123,38.21769905090332,50.54962081909179,71.73243865966799
2040-03,2040-03-01,1.3998534321784974,2.9015407800674438,3.8138507604599,4.727333354949951,6.151011896133423,7.783212518692018,25.32870254516601,37.81613540649414,50.62564735412596,72.47282333374024
2040-04,2040-04-01,1.6651370286941531,2.9302764177322387,3.900300979614258,4.65512671470642,6.057544612884522,20.368370628356935,34.49665908813476,46.62806701660156,60.38071556091307,83.27138595581056
2040-05,2040-05-01,1.5968084335327148,2.8238187789916993,3.8463897705078125,4.631578588485717,6.162206840515137,15.727350330352786,30.63964500427246,42.99896812438965,56.222308731079096,77.52641677856445
2040-06,2040-06-01,1.4683254718780518,2.739212918281555,3.7747979164123535,4.512634420394897,5.724327468872072,15.820409870147705,29.514734840393068,41.6680850982666,55.67569770812988,77.21579971313479
2040-07,2040-07-01,1.3968576192855835,2.685767889022827,3.6683290004730225,4.381414222717284,5.595168924331668,14.79366788864136,30.398982048034668,41.8004093170166,56.30107841491699,74.7925559997559
2040-08,2040-08-01,1.3017337799072266,2.7587182760238647,3.602185845375061,4.325174331665039,5.647279500961304,13.378963375091553,26.69787197113037,36.73199462890625,50.37024116516112,70.74567794799805
2040-09,2040-09-01,1.4304879426956179,2.7845953941345214,3.6416515111923218,4.377480173110961,5.858974218368532,11.70585174560547,27.40884323120117,39.34275817871094,53.215406799316405,74.4918701171875
2040-10,2040-10-01,1.3996719598770142,2.801439619064331,3.5919264554977417,4.430304956436157,5.752876281738282,12.726977539062505,28.948619461059568,39.48614501953125,52.95646171569824,77.87024917602541
2040-11,2040-11-01,1.413353180885315,2.697430062294006,3.6867398023605347,4.602152252197265,6.010851049423218,9.702055644989015,26.60529747009277,39.662933349609375,53.48437271118163,77.24852752685547
2040-12,2040-12-01,1.4300737142562867,2.6984119415283203,3.712382197380066,4.505152797698974,5.874563789367676,8.337427711486816,23.750386238098145,36.37335968017578,50.81597061157226,69.82757110595703
2041-01,2041-01-01,1.3784110188484193,2.638929271697998,3.728973388671875,4.597961902618407,5.858730649948121,5.911381340026856,23.870494270324706,34.31727409362793,47.34119186401367,67.7879417419434
2041-02,2041-02-01,1.317421793937683,2.5742055654525755,3.68924617767334,4.531260442733764,5.9660415172576915,3.1799150228500386,21.85380363464355,33.79599189758301,48.03602218627929,68.99476318359376
2041-03,2041-03-01,1.0951642513275146,2.2808880567550656,3.5360164642333984,4.333734321594237,5.675863027572633,3.7385635614395176,22.76926288604736,33.22700500488281,46.269778060913055,67.12392883300781
2041-04,2041-04-01,1.3704732179641723,2.5473559379577635,3.3785146474838257,4.24547929763794,5.888711023330689,17.683750343322757,31.9843240737915,45.030277252197266,58.430915832519524,76.79824752807619
2041-05,2041-05-01,1.3144198417663577,2.4589343070983887,3.368158459663391,4.199277877807617,5.596159505844117,16.843924140930177,27.801514244079588,39.96547889709473,51.89646377563474,70.23551712036134
2041-06,2041-06-01,1.2124691724777223,2.4758487224578856,3.306136965751648,3.9612284421920774,5.351259660720826,15.550981330871583,27.856397628784176,39.23037910461426,50.34638862609863,66.90656967163086
2041-07,2041-07-01,1.1826327562332153,2.433076357841492,3.1170501708984375,3.9453044652938836,5.592469120025635,16.80319347381592,29.03035202026367,39.22999572753906,50.422023391723634,69.998250579834
2041-08,2041-08-01,1.1694040060043336,2.3696749210357666,3.144942283630371,4.049977397918701,5.364475345611572,13.188428020477295,25.332640838623043,34.2925968170166,45.150484085083,65.22199096679691
2041-09,2041-09-01,1.2001931190490724,2.3066948175430295,3.1491984128952026,4.0163623809814455,5.391444206237794,13.046041202545165,26.642910766601563,36.69929504394531,48.88346061706543,71.52173309326173
2041-10,2041-10-01,1.1237308859825135,2.282088232040405,3.151983618736267,4.041366767883301,5.445144176483154,12.495306968688965,27.258133316040038,39.47178268432617,49.99284133911131,67.15987930297852
2041-11,2041-11-01,1.1959723234176638,2.4533840417861934,3.3872926235198975,4.225658416748047,5.601289892196656,11.193239974975587,27.13288040161132,38.54105758666992,48.211783218383786,65.49089584350588
2041-12,2041-12-01,1.0935488224029541,2.4450989246368406,3.3589237928390503,4.18542604446411,5.686690855026246,10.633347988128664,24.69567432403564,33.66012954711914,45.78888893127441,65.5155632019043
2042-01,2042-01-01,1.1924416303634644,2.286653208732605,3.3233914375305176,4.320021438598632,5.633242225646973,7.874614334106448,21.153391456604005,32.20164108276367,43.97274360656737,62.17463264465332
2042-02,2042-02-01,1.095090699195862,2.3204115867614745,3.271767258644104,4.280582857131957,5.882898664474488,6.423638200759887,20.103199005126953,31.107114791870117,43.64075927734374,62.53200531005862
2042-03,2042-03-01,0.8658579826354981,2.1561529159545896,3.077192783355713,4.062271213531494,5.51273536682129,5.868955421447755,18.896373176574706,30.021089553833008,41.672210693359375,63.73694038391113
2042-04,2042-04-01,1.2323989033699037,2.2316345691680906,3.2615710496902466,4.080844306945799,5.472098875045777,14.843680095672608,30.696349143981934,41.88056945800781,55.72703742980957,77.65901107788086
2042-05,2042-05-01,1.1590389847755433,2.349810004234314,3.1063708066940308,3.9914549350738526,5.5441481590271,13.892473220825197,28.612641716003417,36.99680137634277,47.891545104980466,69.98128128051758
2042-06,2042-06-01,1.1694865703582764,2.0685951709747314,2.9073976278305054,3.750739884376525,5.262611436843872,11.679921150207521,26.097560119628906,36.044044494628906,45.885366439819336,65.70732345581055
2042-07,2042-07-01,1.1860590100288393,2.1058395147323608,2.930361032485962,3.905371761322021,5.1739423274993905,13.612052059173585,26.977202796936034,36.475778579711914,47.96639404296872,69.05091934204101
2042-08,2042-08-01,1.075661039352417,1.978249454498291,2.9037084579467773,3.7857205152511595,5.124632215499879,9.327960205078126,21.65300922393799,32.19861602783203,42.220068740844724,62.20769691467286
2042-09,2042-09-01,1.0270562887191772,2.0496404170989986,2.8939170837402344,3.7784986257553097,5.350257110595704,9.653192710876471,22.79970016479492,31.442978858947754,44.77358322143553,64.063037109375
2042-10,2042-10-01,1.1483931660652162,2.0527443170547484,2.9432417154312134,3.8645701885223387,5.201961898803711,10.540718078613281,24.73239231109619,36.50147247314453,49.21802978515625,67.76827926635742
2042-11,2042-11-01,1.1333384275436402,2.071884822845459,3.0967986583709717,3.971436023712158,5.325842571258545,8.208118295669559,24.157291412353516,35.94559669494629,46.66187019348144,64.70114517211914
2042-12,2042-12-01,1.187691056728363,2.174622344970703,3.001676917076111,3.972400379180908,5.328125667572022,8.380767631530762,22.1077579498291,32.00557231903076,43.98638534545896,67.5255958557129
2043-01,2043-01-01,1.0674944758415224,2.0818748235702516,3.045544147491455,3.9339590549468992,5.216319274902347,7.775813055038455,21.86967906951904,29.757346153259277,40.85245132446287,58.60091972351075
2043-02,2043-02-01,1.0592403769493104,2.123093295097351,3.046144127845764,3.971425104141235,5.102520036697388,4.7042417526245135,18.651805686950684,29.410987854003906,39.20858345031734,60.140667724609386
2043-03,2043-03-01,0.962495404481888,1.8801809549331665,2.796951413154602,3.6283525466918936,4.785093402862549,5.341580200195314,18.92086181640625,28.010955810546875,39.55443305969238,57.61558456420899
2043-04,2043-04-01,0.9680074810981751,1.853520655632019,2.7460007667541504,3.599214553833007,5.067178583145142,14.808680820465089,26.69835968017578,36.77083396911621,47.90835380554198,72.19689483642578
2043-05,2043-05-01,0.964508467912674,1.8631327033042906,2.7433313131332397,3.55868124961853,5.048924493789674,12.872074699401857,24.989465522766114,35.450435638427734,44.67678184509275,63.88428421020508
2043-06,2043-06-01,0.8710079073905946,1.6989768624305723,2.63724422454834,3.3998529434204094,4.776935672760009,12.483552169799804,23.157312011718748,33.114479064941406,44.03799514770507,59.19054412841798
2043-07,2043-07-01,0.8626263082027436,1.7333385705947875,2.596658945083618,3.494248390197753,4.714386558532715,10.589463806152345,23.490277671813963,34.97425842285156,45.711165237426755,61.19444046020508
2043-08,2043-08-01,0.8228438198566437,1.6613034009933472,2.553917407989502,3.3969681978225705,4.606510400772095,10.150392055511475,20.91382713317871,30.258244514465332,40.07108459472656,57.822502136230476
2043-09,2043-09-01,0.7935689508914948,1.664481210708618,2.590062141418457,3.4330081701278683,4.604248142242432,9.49791746139527,20.631696701049805,30.71781349182129,42.58642578125,62.32939567565919
2043-10,2043-10-01,0.8558642506599428,1.7127701163291926,2.511051893234253,3.5101454019546505,4.747742700576782,11.402672386169433,22.28071575164795,32.46170997619629,44.78155212402343,61.1357936859131
2043-11,2043-11-01,0.8404223501682282,1.7195992350578306,2.5969436168670654,3.5530159711837768,4.9354820728302,9.435462188720704,20.996359252929683,31.571040153503418,43.85602951049805,62.747117996215835
2043-12,2043-12-01,0.8357811868190766,1.7321092844009398,2.6641108989715576,3.5162670850753783,4.833836221694947,8.064972066879273,18.64170265197754,29.123239517211914,38.07481040954588,57.436763763427734
2044-01,2044-01-01,0.852338057756424,1.734074819087982,2.5899064540863037,3.494719099998472,4.909967136383057,6.013962936401369,18.235323905944824,27.896034240722656,38.60720825195312,54.52935371398928
2044-02,2044-02-01,0.8007546365261081,1.6818563699722289,2.6353074312210083,3.5905431270599353,4.932788419723511,4.495912981033326,16.755487823486327,26.262803077697754,37.72950630187988,55.182839202880864
2044-03,2044-03-01,0.6476583540439608,1.4904654502868653,2.5042589902877808,3.344075560569762,4.721140003204346,3.4404115676879883,15.507237243652341,24.869115829467773,36.53233604431152,54.85583724975588
2044-04,2044-04-01,0.7441630065441133,1.6007928609848021,2.5248337984085083,3.4430592060089102,4.6943666458129885,12.947350597381593,24.230770301818847,35.79962730407715,47.64827613830566,66.07629394531251
2044-05,2044-05-01,0.7786976873874665,1.6296320438385006,2.481464982032776,3.4955822706222532,4.765222692489624,10.068552684783935,22.122780799865723,32.858943939208984,44.36071701049804,61.375441360473644
2044-06,2044-06-01,0.664050406217575,1.4814905762672421,2.4746984243392944,3.2348388910293573,4.57551383972168,9.366745376586914,21.237259292602538,31.155692100524902,41.584001541137695,56.34912910461426
2044-07,2044-07-01,0.6336665868759155,1.494199764728546,2.426669955253601,3.279988551139831,4.523452281951905,9.423460197448732,23.856936645507812,32.90625,43.75621223449706,61.42791404724123
2044-08,2044-08-01,0.6777109324932099,1.4522869229316706,2.266446352005005,3.144440960884093,4.374253797531128,8.166309404373171,17.9835277557373,26.7197265625,36.912411499023435,52.13318328857422
2044-09,2044-09-01,0.6354809522628784,1.4403418660163878,2.293372392654419,3.222511839866636,4.442738437652588,6.709801578521731,20.060814666748048,30.194080352783203,39.73168411254883,56.22496757507325
2044-10,2044-10-01,0.6297547817230225,1.4261841416358947,2.280268907546997,3.1603910684585554,4.662929821014405,8.923370742797854,21.409054374694822,32.0120792388916,41.59679946899413,63.19873428344728
2044-11,2044-11-01,0.6355783879756928,1.410441744327545,2.3801636695861816,3.327026534080505,4.6559497833251955,7.530619907379151,19.30334014892578,29.451805114746094,39.71145401000977,60.665736389160166
2044-12,2044-12-01,0.628570169210434,1.4653236150741575,2.2561728954315186,3.3249685287475583,4.553544712066651,5.869918870925905,18.177927780151364,28.02422046661377,38.251252365112265,55.9366497039795
2045-01,2045-01-01,0.5866194427013397,1.3813960552215574,2.3354413509368896,3.3179921150207514,4.84686622619629,4.6710346221923835,16.95142192840576,25.823436737060547,36.825975036621095,51.68143005371094
2045-02,2045-02-01,0.5589056849479676,1.2673165440559386,2.22778582572937,3.373611998558043,4.745394039154053,3.8330127239227307,13.835540008544921,25.117971420288086,34.996906661987296,53.744524002075195
2045-03,2045-03-01,0.4099903076887132,1.1618996381759643,2.01516854763031,3.0836678504943844,4.515571069717407,2.0579577445983896,12.382581996917724,24.11642551422119,33.34210624694824,52.63351097106934
2045-04,2045-04-01,0.5828001976013184,1.2268936276435851,2.0302202701568604,3.0346686840057373,4.330944776535035,8.74686441421509,21.72968158721924,31.946651458740234,42.94269638061523,61.82083206176758
2045-05,2045-05-01,0.541777515411377,1.2595703601837158,2.090451717376709,3.0517912864685055,4.35992250442505,7.993704032897951,18.831881141662596,28.201346397399902,40.420418548583974,55.56438903808595
2045-06,2045-06-01,0.5101398169994354,1.1715744972229003,1.9624401926994324,2.798138380050659,4.215992736816406,7.270819902420045,17.224407196044922,25.89741325378418,37.691487884521486,52.31459045410157
2045-07,2045-07-01,0.5426464378833771,1.1747392296791075,1.941646933555603,2.8653339624404905,4.202913284301759,7.882339763641357,18.167672157287594,27.50212860107422,36.54630088806151,55.39619789123535
2045-08,2045-08-01,0.5048961699008941,1.1763197422027587,1.9871863722801208,2.8904413700103757,4.226616144180298,5.231091356277466,14.79227876663208,24.266271591186523,33.75147666931152,49.85208969116213
2045-09,2045-09-01,0.45727776587009433,1.105284559726715,1.945190966129303,2.9344149589538575,4.294454097747805,4.455218410491944,16.77075328826904,25.11181640625,36.35335769653319,50.153693771362306
2045-10,2045-10-01,0.48554364740848543,1.170734655857086,1.8970624804496765,2.890784358978271,4.339212036132813,4.485706567764283,16.808528900146484,25.78873634338379,36.076480102539065,52.90785942077637
2045-11,2045-11-01,0.4685610234737396,1.1764250993728635,1.8993009328842163,2.9155249595642077,4.2870977401733406,4.074781131744386,15.57749967575073,25.959111213684082,36.56993217468261,55.39434585571289
2045-12,2045-12-01,0.4769502043724061,1.1971440076828002,1.8684396147727966,2.862952804565429,4.372177648544312,1.5104130983352662,13.637748432159423,23.7094783782959,35.26113510131835,53.24315643310548
2046-01,2046-01-01,0.48677705228328705,1.1329314827919006,1.9500526189804077,2.945893001556396,4.500418996810914,2.062343430519104,12.644847774505614,22.56206703186035,33.4019416809082,49.53861427307129
2046-02,2046-02-01,0.5029078155755997,1.1456816315650937,1.961591124534607,2.818730425834655,4.318909549713136,1.9771820783615128,11.541806221008299,21.272047996520996,31.653226852416985,49.33475418090822
2046-03,2046-03-01,0.3867982745170594,1.0122059762477869,1.7096500396728516,2.704947471618652,4.097861337661746,1.251759731769562,9.992799568176268,20.443530082702637,30.710308647155756,51.144397354125985
2046-04,2046-04-01,0.43303916454315194,1.0332730174064635,1.851209282875061,2.67738173007965,4.0226884365081785,6.8300034523010265,18.775846099853513,28.874311447143555,40.24194412231444,58.86650619506838
2046-05,2046-05-01,0.46184034943580626,1.0815574765205382,1.7756889462471008,2.7735522985458374,4.047992897033692,5.862421560287475,16.62650337219238,25.56871223449707,37.17653160095213,52.93919639587403
2046-06,2046-06-01,0.43000297248363495,0.9550262212753295,1.5753767490386963,2.591783046722412,3.7522363424301153,5.124345922470093,15.006618404388426,23.90522003173828,35.78733329772947,51.89888038635254
2046-07,2046-07-01,0.38854553699493416,0.8992131292819977,1.4573926329612732,2.499944400787353,3.628827738761902,4.9808828830719,13.831105041503903,23.028285026550293,35.511661529541016,51.62814674377442
2046-08,2046-08-01,0.39118463993072516,0.8746828556060791,1.5183197855949402,2.5499478340148913,3.738118982315064,3.2454923868179324,11.914698314666747,20.426671028137207,31.584707450866677,49.11492309570313
2046-09,2046-09-01,0.424528130888939,0.8763223588466644,1.4601585268974304,2.612922644615173,3.7246700763702396,3.0979453325271615,12.95891065597534,21.377822875976562,32.74056510925293,51.811222076416016
2046-10,2046-10-01,0.361297196149826,0.9103753447532653,1.5947920680046082,2.547491931915283,3.6967796564102176,4.320589065551758,14.287378311157227,23.456238746643066,34.72116622924805,51.88842887878418
2046-11,2046-11-01,0.3581747680902481,0.8931455254554749,1.5166232585906982,2.6321786403656,3.7526769399642945,2.655757904052735,13.646023941040038,22.256022453308105,33.99308700561523,51.00809440612794
2046-12,2046-12-01,0.4096687138080597,0.9229573369026184,1.486032247543335,2.6173756599426268,3.7686107397079476,2.25340793132782,11.370559310913086,20.1865816116333,30.74149475097655,51.1277816772461
2047-01,2047-01-01,0.4110314667224884,0.9238734364509582,1.4022750854492188,2.471997570991516,3.7328690528869637,1.3160042762756352,11.038519096374511,19.15904712677002,29.958130455017063,45.678447341918954
2047-02,2047-02-01,0.39154317677021033,0.8506064534187316,1.4796077609062195,2.538690114021301,3.7302347660064705,1.1134941458702088,9.958971214294433,18.32830047607422,29.755234146118163,47.27882080078126
2047-03,2047-03-01,0.30239708423614503,0.7020881414413452,1.3255496621131897,2.35809540748596,3.5975038766860967,0.9560844540596022,8.595688915252685,17.12104606628418,28.015479469299304,45.320908355712916
2047-04,2047-04-01,0.3305914074182511,0.8211079895496368,1.4154325723648071,2.492496562004088,3.687483096122742,5.678681612014771,14.757450103759764,22.38485050201416,34.899999237060534,52.35292854309083
2047-05,2047-05-01,0.37379007041454315,0.8782946586608886,1.3562450408935547,2.504457926750183,3.804412341117859,5.18778567314148,13.384543323516846,21.535438537597656,30.542993545532223,48.09947204589844
2047-06,2047-06-01,0.3544855117797852,0.8010911643505095,1.349428951740265,2.3658861637115476,3.501098656654358,5.371061849594118,12.172824287414551,19.803688049316406,30.540492439270018,46.66802940368654
2047-07,2047-07-01,0.3162160366773606,0.7094430923461914,1.2303253412246704,2.2493438482284547,3.533827590942383,4.187124061584473,12.262822628021238,20.202479362487793,31.55440921783447,48.51551895141602
2047-08,2047-08-01,0.3334521353244782,0.7230727910995483,1.2583659291267395,2.3089686632156368,3.5269864320755007,3.042836117744446,10.562876605987547,17.0115966796875,28.78064842224121,43.70210342407227
2047-09,2047-09-01,0.33529227077960977,0.705817025899887,1.2440156936645508,2.2319776296615594,3.6017517328262336,2.9982638597488402,10.199237060546874,18.447360038757324,29.28676433563231,48.410322189331055
2047-10,2047-10-01,0.37182837426662446,0.7644115805625915,1.3337060809135437,2.2992419242858886,3.5943678140640265,3.7698838710784925,11.818468570709227,20.03733539581299,28.496401214599608,50.50486221313477
2047-11,2047-11-01,0.3604341894388199,0.7977688193321227,1.3378939032554626,2.3372883081436155,3.6420643568038944,2.92275013923645,11.653516387939453,18.26304340362549,31.02567806243895,48.64255027770997
2047-12,2047-12-01,0.33916727602481844,0.7410719931125641,1.2911500334739685,2.4031834602355953,3.4707002401351934,2.307945919036866,9.591687202453612,18.014413833618164,28.64667778015136,43.018471527099614
2048-01,2048-01-01,0.34663209915161136,0.7347965061664581,1.323825478553772,2.3429861545562742,3.74832456111908,1.4015137314796449,9.212576103210449,17.131633758544922,26.69859371185302,42.63309135437012
2048-02,2048-02-01,0.29465962648391736,0.7648894608020782,1.187590479850769,2.239569377899169,3.7026812314987185,1.5462051391601566,8.758718109130857,15.74010419845581,26.415047073364256,44.58800201416016
2048-03,2048-03-01,0.21095713078975678,0.5906511545181274,1.075025200843811,2.0992050409317016,3.3729549169540407,1.015091311931611,7.974096679687498,15.31538438796997,25.111348724365232,41.85535621643067
2048-04,2048-04-01,0.2913535416126251,0.6988882064819336,1.1509952545166016,2.1558928489685045,3.4005196094512944,4.81882109642029,13.415191745758056,20.416726112365723,32.65613441467285,49.997092056274425
2048-05,2048-05-01,0.3062947422266007,0.724455040693283,1.1980265974998474,2.1175455808639523,3.49205174446106,3.802727723121643,11.542501831054686,18.79754066467285,30.496089744567865,47.22374496459961
2048-06,2048-06-01,0.2508166879415512,0.6961879074573515,1.1048519611358643,1.9855918765068044,3.4059964895248416,3.7332386732101464,10.603824806213378,17.85342502593994,28.20369682312011,42.96748390197755
2048-07,2048-07-01,0.2846708565950394,0.6618372797966003,1.1095393896102905,1.9426353573799122,3.4123355388641365,2.569089365005494,10.123616790771482,18.09715747833252,29.4710443496704,45.426323699951176
2048-08,2048-08-01,0.26467048376798646,0.6089750051498413,1.0180526971817017,1.8677823543548573,3.231425499916077,1.5248268485069276,8.774662208557128,15.374408721923828,25.75086097717285,40.77790336608888
2048-09,2048-09-01,0.2428759589791298,0.635521286725998,1.0143693685531616,1.7941318750381468,3.228745412826539,1.9098327875137335,10.681233596801757,17.431873321533203,27.579426383972166,41.02403297424317
2048-10,2048-10-01,0.2459634393453598,0.6347159326076505,1.1074454188346863,1.757652783393858,3.27620542049408,1.5177132487297063,9.90944242477417,17.9792423248291,29.03272762298584,45.70331420898438
2048-11,2048-11-01,0.23484555780887606,0.6210740983486174,1.0723798871040344,1.9609034299850454,3.260285878181458,0.9477961063385013,8.915849876403808,16.940078735351562,30.073246002197262,47.079956436157225
2048-12,2048-12-01,0.21952855139970784,0.6305153489112852,1.0553079843521118,1.8017717957496644,3.417774844169617,0.7584867000579838,9.346811866760254,15.894493103027344,25.787108612060546,42.784762191772465
2049-01,2049-01-01,0.22341839820146564,0.5869406342506408,1.0438693761825562,1.763035607337951,3.308255052566529,0.3372463941574097,7.6635557174682605,14.881125450134277,24.327769279479973,37.871167755126955
2049-02,2049-02-01,0.21269131898880014,0.5642178416252136,1.0091428756713867,1.783935546874999,3.307096290588379,0.3826545029878619,7.4588287353515605,14.466436862945557,23.34747447967529,42.28204383850098
2049-03,2049-03-01,0.15184650719165804,0.49304881393909455,0.9107271730899811,1.5628108143806447,3.089245438575745,0.2423678368330004,6.57139582633972,13.449728965759277,23.12526531219482,41.21500625610353
2049-04,2049-04-01,0.19152110815048218,0.5173949539661408,0.865596354007721,1.6704513072967524,3.1268418788909913,3.6457704782485965,10.2745849609375,18.435226440429688,29.042053222656246,48.603005218505864
2049-05,2049-05-01,0.2204005673527718,0.5569065868854522,0.9468584358692169,1.7003421902656537,3.1709766626358036,3.276922965049744,8.935290908813473,16.16396427154541,27.073424530029296,42.03730010986328
2049-06,2049-06-01,0.17389224171638493,0.5099163591861725,0.9414741098880768,1.546488344669342,3.144736599922181,2.9004963874816903,8.454640197753907,15.96293592453003,25.26014823913573,42.36459770202637
2049-07,2049-07-01,0.1879769533872605,0.5032438397407532,0.8803313970565796,1.5758962631225584,3.0290838718414315,2.7407001972198493,8.570747566223144,17.2728271484375,26.685760116577143,44.08127708435059
2049-08,2049-08-01,0.1729272544384003,0.4944065183401107,0.8638853430747986,1.4633065223693842,3.051573967933655,1.786952877044678,7.093334913253784,13.48180866241455,23.317461776733396,40.139859008789095
2049-09,2049-09-01,0.15399600863456728,0.45759663879871365,0.8454872071743011,1.5365406274795523,2.9829168319702157,2.317390823364258,7.686696434020995,14.46893310546875,25.42035160064696,42.65917701721193
2049-10,2049-10-01,0.1805946946144104,0.4717201918363571,0.8945422768592834,1.5516509771347045,3.011740279197696,1.5997973084449768,7.863789987564083,14.547222137451172,25.261716270446776,42.717039108276374
2049-11,2049-11-01,0.1832823544740677,0.5019316494464874,0.894800066947937,1.4255658268928524,2.9413645267486572,1.2416864037513735,7.264481163024902,14.003910541534424,25.844010543823213,42.122806930542
2049-12,2049-12-01,0.1736830353736878,0.5097087979316711,0.8530962765216827,1.4790660381317124,2.8333837509155284,0.5963033974170685,6.2011981964111325,13.093591213226318,23.24999046325682,38.79315376281739
2050-01,2050-01-01,0.15469865202903751,0.47803269624710076,0.8664786219596863,1.4598665475845332,2.885784435272217,0.43002209067344666,5.786241674423217,12.667286396026611,20.617964553833005,38.49256896972658
2050-02,2050-02-01,0.16486388742923735,0.4826938509941101,0.8201291561126709,1.4315492510795593,2.9497062206268323,0.4311811566352849,5.699148035049438,11.248886108398438,20.345738220214837,36.54608345031739
2050-03,2050-03-01,0.10700430348515513,0.3982663452625274,0.7483208477497101,1.2511432409286496,2.6791280984878543,0.33719762414693893,5.248636054992675,10.867536067962646,19.987037849426258,35.59564666748047
2050-04,2050-04-01,0.15572101622819903,0.41931113600730896,0.7577210068702698,1.3100971341133107,2.67257995605469,2.6783373355865483,8.3737548828125,15.228121280670166,24.802936363220205,41.297904968261726
2050-05,2050-05-01,0.15922437906265258,0.4337164998054504,0.7826648056507111,1.3886280536651612,2.7552053451538088,2.2463611364364624,8.62182264328003,14.141648292541504,25.1345157623291,35.918930816650395
2050-06,2050-06-01,0.13250521272420884,0.3712243914604187,0.7099010944366455,1.1706681728363035,2.733146381378174,1.4022914290428174,7.928563213348387,14.707183361053467,22.18493251800537,36.13200073242188
2050-07,2050-07-01,0.1270124465227127,0.370186647772789,0.702235221862793,1.231805992126463,2.7242464542388922,1.1213701665401468,6.551539039611816,13.358361721038818,22.415007400512692,36.99438247680664
2050-08,2050-08-01,0.11525598987936975,0.37495080530643465,0.6827184557914734,1.2055645465850804,2.5590513706207276,0.5030077099800117,5.244904375076294,11.35258674621582,20.39948463439941,32.939152908325205
2050-09,2050-09-01,0.12442231550812721,0.35462926924228666,0.7144894897937775,1.2097356677055338,2.6278708457946784,0.44421716034412384,5.766917753219604,12.85049295425415,20.092699241638183,36.04266777038575
2050-10,2050-10-01,0.114516781270504,0.3929086834192275,0.688242644071579,1.1952522158622731,2.697299981117249,0.14322021603584303,6.020170402526853,12.991874694824219,22.161123275756832,37.843922805786136
2050-11,2050-11-01,0.1290540024638176,0.37588792145252226,0.6818378567695618,1.2483039379119871,2.6823185682296753,0.23888370841741569,5.642786216735839,12.266762256622314,21.14122829437256,38.388305282592775
2050-12,2050-12-01,0.12219033390283586,0.3738311231136322,0.6976445019245148,1.1823112845420838,2.6834104061126722,0.1199268825352193,5.4312849044799805,11.308629989624023,17.863782882690423,35.0081657409668
2051-01,2051-01-01,0.12514202892780305,0.36685929298400877,0.6569793224334717,1.1987263798713683,2.6905992269516,0.09365712925791754,5.343723249435424,9.739884853363037,17.999577140808103,32.8635166168213
2051-02,2051-02-01,0.10953764542937279,0.34355498254299155,0.6407032608985901,1.1273233175277704,2.7259907484054566,0.025521536171436335,4.155959892272949,9.8450288772583,17.27241611480713,31.488657951355
2051-03,2051-03-01,0.0874691404402256,0.2986696302890777,0.5906944870948792,1.050952351093292,2.4849839210510254,0.13500083461403856,4.050524568557739,9.587737560272217,16.85605678558349,29.214198112487793
