field_key,field,activity_status,has_numeric_fuel_history,field_level_fuel_expected,fuel_forecast_method,fuel_is_inferred,host_or_source_field,supplied_by_field_key,fuel_accounted_field_key,fuel_zero_from_month,future_power_source_class,future_transition_source_url,future_transition_notes,power_source_class,confidence,source_url,source_title,secondary_source_url,evidence_summary,verified_on,series_scope,fuel_driver_fields
16/1-12 TROLDHAUGEN,16/1-12 Troldhaugen,Non-field production series,False,not_applicable,excluded_non_field_series,False,,,,,,,,not_applicable,high,,,,Production series is not a field in the official field metadata and is excluded from the field forecast universe.,2026-08-04,discovery_or_test_series,
33/9-6 DELTA,33/9-6 DELTA,Non-field production series,False,not_applicable,excluded_non_field_series,False,,,,,,,,not_applicable,high,,,,Production series is not a field in the official field metadata and is excluded from the field forecast universe.,2026-08-04,discovery_or_test_series,
7220/11-1 (ALTA),7220/11-1 (ALTA),Non-field production series,False,not_applicable,excluded_non_field_series,False,,,,,,,,not_applicable,high,,,,Production series is not a field in the official field metadata and is excluded from the field forecast universe.,2026-08-04,discovery_or_test_series,
OTS,OTS,Non-field production series,False,not_applicable,excluded_non_field_series,False,,,,,,,,not_applicable,high,,,,Production series is not a field in the official field metadata and is excluded from the field forecast universe.,2026-08-04,discovery_or_test_series,
AASTA HANSTEEN,AASTA HANSTEEN,Producing,True,yes,reported_conditioned_mlp,False,AASTA HANSTEEN,,AASTA HANSTEEN,,,,,gas_turbine,high,https://www.havtil.no/tilsyn/tilsynsrapporter/2025/equinor-aasta-hansteen-teknisk-sikkerhet-og-prosessikkerhet/,Equinor – Aasta Hansteen – technical safety and process safety,,"Havtil's 2025 audit identifies the turbine system serving Aasta Hansteen's main power, consistent with the official development report's specification of local gas-turbine electricity generation rather than power from shore.",2026-08-04,field,AASTA HANSTEEN
ALBUSKJELL,ALBUSKJELL,Approved for production,False,no,external_power_zero,False,Ekofisk Centre,EKOFISK,EKOFISK,,,,,host_supplied_gas_power,high,,,https://www.sodir.no/en/whats-new/publications/reports/power-from-shore/resource-consequences/,Approved subsea redevelopment; planned field startup does not add a separate power plant.,2026-08-04,field,
ALVE,ALVE,Producing,False,no,external_power_zero,False,Norne FPSO,NORNE,NORNE,,,,,host_supplied_gas_power,high,,,https://www.sodir.no/en/whats-new/publications/reports/power-from-shore/resource-consequences/,Subsea tieback; fuel is reported at Norne.,2026-08-04,field,
ALVHEIM,ALVHEIM,Producing,True,yes,reported_conditioned_mlp,False,ALVHEIM,,ALVHEIM,,,,,gas_turbine,high,https://cdn.selinc.com/assets/Literature/Publications/Technical%20Papers/6473_SimultaneousFaults_DH_20110317_Web.pdf?v=20180604-230233,Simultaneous Faults on the 11 kV System of an Offshore FPSO Vessel,,A technical paper co-authored by Alvheim's then-operator Marathon documents two 23.76 MW gas-turbine generator packages on Alvheim FPSO; the field remains in production through that FPSO and has ongoing fuel-gas consumption.,2026-08-04,field,ALVHEIM | BØYLA | SKOGUL | TYRVING | VILJE | VOLUND
ATLA,ATLA,Shut down,False,unknown,excluded_shutdown,False,,,,,,,,historical_or_unknown,not_assessed,,,,Shut-down field: retained in the registry but excluded from forward forecasting.,2026-08-04,field,
BALDER,BALDER,Producing,True,yes,reported_conditioned_mlp,False,BALDER,,BALDER,,,,,offshore_gas_diesel_generation,high,https://www.offshorenorge.no/contentassets/7a9efe0e38314d2fa311e25075ecf402/balder-omradet-2025.pdf,Utslippsrapport for Balder-området 2025,,"Vår Energi's 2025 Balder-area emissions report identifies offshore power generation from gas and diesel, including gas turbines on Jotun FPSO and Ringhorne and diesel engines on Balder FPU.",2026-08-04,field,BALDER | RINGHORNE ØST
BAUGE,BAUGE,Producing,False,no,external_power_zero,False,Njord A,NJORD,NJORD,,,,,host_supplied_gas_power,high,,,https://www.sodir.no/en/whats-new/publications/reports/power-from-shore/resource-consequences/,Subsea tieback; Njord partial shore-power conversion is not yet the field accounting boundary.,2026-08-04,field,
BLANE,BLANE,Producing,False,no,external_power_zero,False,Ula,ULA,ULA,,,,,host_supplied_gas_power,high,,,https://www.sodir.no/en/whats-new/publications/reports/power-from-shore/resource-consequences/,Subsea tieback; fuel is reported at Ula.,2026-08-04,field,
BRAGE,BRAGE,Producing,True,yes,reported_conditioned_mlp,False,BRAGE,,BRAGE,,,,,gas_turbine,high,https://www.okea.no/wp-content/uploads/2025/03/okea-asa-integrated-report-2024.pdf,OKEA ASA Integrated Report 2024,,"OKEA reports that Brage's turbines normally combust gas for power generation, with diesel used only during limited abnormal operating conditions; the proposed direct-connected wind project was not approved.",2026-08-04,field,BRAGE
BREIDABLIKK,BREIDABLIKK,Producing,False,no,external_power_zero,False,Grane,GRANE,GRANE,,,,,host_supplied_gas_power,high,,,https://www.sodir.no/en/whats-new/publications/reports/power-from-shore/resource-consequences/,Subsea tieback; fuel is reported at Grane.,2026-08-04,field,
BRYNHILD,BRYNHILD,Shut down,False,unknown,excluded_shutdown,False,,,,,,,,historical_or_unknown,not_assessed,,,,Shut-down field: retained in the registry but excluded from forward forecasting.,2026-08-04,field,
BYRDING,BYRDING,Producing,False,no,external_power_zero,False,Troll C,TROLL,TROLL,,,,,host_supplied_shore_power,high,,,https://www.sodir.no/en/whats-new/publications/reports/power-from-shore/fields-with-power-to-shore/,Subsea tieback; Troll C has mixed host and shore power during transition.,2026-08-04,field,
BØYLA,BØYLA,Producing,False,no,external_power_zero,False,Alvheim FPSO,ALVHEIM,ALVHEIM,,,,,host_supplied_gas_power,high,,,https://www.sodir.no/en/whats-new/publications/reports/power-from-shore/resource-consequences/,Subsea tieback; fuel is reported at Alvheim.,2026-08-04,field,
COD,COD,Shut down,False,unknown,excluded_shutdown,False,,,,,,,,historical_or_unknown,not_assessed,,,,Shut-down field: retained in the registry but excluded from forward forecasting.,2026-08-04,field,
DRAUGEN,DRAUGEN,Producing,True,yes,reported_conditioned_mlp,False,DRAUGEN,,DRAUGEN,,,,,gas_turbine,high,https://okea.no/operations/draugen/,Draugen - OKEA,,"Operator OKEA states that associated gas is currently used for power generation; its electrification material says power from shore will replace the platform's current gas-turbine generation, with the project still under development in 2026.",2026-08-04,field,DRAUGEN
DUVA,DUVA,Producing,False,no,external_power_zero,False,Gjøa,GJØA,GJØA,,,,,host_supplied_shore_power,high,,,https://www.sodir.no/en/whats-new/publications/reports/power-from-shore/fields-with-power-to-shore/,Subsea tieback; Gjøa is partly shore-powered and retains host gas equipment.,2026-08-04,field,
DVALIN,DVALIN,Producing,False,no,external_power_zero,False,Heidrun,HEIDRUN,HEIDRUN,,,,,host_supplied_gas_power,high,,,https://www.sodir.no/en/whats-new/publications/reports/power-from-shore/resource-consequences/,Subsea tieback and host processing at Heidrun.,2026-08-04,field,
EDDA,EDDA,Shut down,False,unknown,excluded_shutdown,False,,,,,,,,historical_or_unknown,not_assessed,,,,Shut-down field: retained in the registry but excluded from forward forecasting.,2026-08-04,field,
EDVARD GRIEG,EDVARD GRIEG,Producing,True,yes,reported_conditioned_mlp,False,EDVARD GRIEG,,EDVARD GRIEG,,,,,power_from_shore,high,https://www.sodir.no/en/whats-new/publications/reports/power-from-shore/fields-with-power-to-shore/,Fields with power to shore — Norwegian Offshore Directorate,https://www.sodir.no/en/whats-new/publications/reports/power-from-shore/fields-with-power-to-shore/,"SODIR states that Edvard Grieg has run on power transmitted via Johan Sverdrup and the Utsira High area solution since 2022, covering the field's entire power need.",2026-08-04,field,EDVARD GRIEG | HANZ | IVAR AASEN | SOLVEIG
EKOFISK,EKOFISK,Producing,True,yes,reported_conditioned_mlp,False,EKOFISK,,EKOFISK,,,,,gas_turbine,high,https://www.offshorenorge.no/contentassets/39dda802fe004804bdfd32121e6a7c4b/ekofisk-2024.pdf,ConocoPhillips Utslippsrapport for 2024 – Ekofisk-feltet,,"ConocoPhillips reports 900.09 GWh of self-produced mechanical/electrical energy at Ekofisk in 2024, zero electricity imported from shore, offshore wind, or another field, and fuel-gas combustion in SAC/DLE turbines.",2026-08-04,field,EKOFISK | ALBUSKJELL | TOMMELITEN A | TOMMELITEN GAMMA | TOR | VEST EKOFISK
ELDFISK,ELDFISK,Producing,True,yes,reported_conditioned_mlp,False,ELDFISK,,ELDFISK,,,,,gas_turbine_combined_cycle,high,https://www.offshorenorge.no/contentassets/39dda802fe004804bdfd32121e6a7c4b/eldfisk-2024.pdf,"ConocoPhillips Utslippsrapport for 2024, Eldfisk-feltet",,ConocoPhillips' 2024 field report says Eldfisk 2/7 E uses gas-turbine exhaust heat to generate electricity and supplies the Eldfisk complex; its subsea cable also links the gas-powered Greater Ekofisk grid.,2026-08-04,field,ELDFISK | EMBLA
EMBLA,EMBLA,Producing,False,no,external_power_zero,False,Eldfisk,ELDFISK,ELDFISK,,,,,host_supplied_gas_power,high,https://static.conocophillips.com/files/resources/impact_assessment_eldfiskii_final.pdf,ConocoPhillips — Eldfisk II impact assessment,https://www.sodir.no/en/whats-new/publications/reports/power-from-shore/resource-consequences/,"Embla receives electricity by cable through Eldfisk 2/7 S; ConocoPhillips states that S is supplied from Eldfisk 2/7 E, whose generation is gas-based with gas- and steam-turbine electrical capacity.",2026-08-04,field,
ENOCH,ENOCH,Producing,False,no,external_power_zero,False,Brae A,,,,,,,host_supplied_gas_power,medium,,,https://www.sodir.no/en/whats-new/publications/reports/power-from-shore/resource-consequences/,Single subsea well tied to the UK Brae A host.,2026-08-04,field,
FENJA,FENJA,Producing,False,no,external_power_zero,False,Njord A,NJORD,NJORD,,,,,host_supplied_gas_power,high,,,https://www.sodir.no/en/whats-new/publications/reports/power-from-shore/resource-consequences/,Subsea tieback; fuel is reported at Njord.,2026-08-04,field,
FLYNDRE,FLYNDRE,Shut down,False,unknown,excluded_shutdown,False,,,,,,,,historical_or_unknown,not_assessed,,,,Shut-down field: retained in the registry but excluded from forward forecasting.,2026-08-04,field,
FRAM,FRAM,Producing,False,no,external_power_zero,False,Troll C,TROLL,TROLL,,,,,host_supplied_shore_power,high,,,https://www.sodir.no/en/whats-new/publications/reports/power-from-shore/fields-with-power-to-shore/,Subsea development supplied and processed at Troll C.,2026-08-04,field,
FRAM H-NORD,FRAM H-NORD,Producing,False,no,external_power_zero,False,Troll C,TROLL,TROLL,,,,,host_supplied_shore_power,high,,,https://www.sodir.no/en/whats-new/publications/reports/power-from-shore/fields-with-power-to-shore/,Subsea development routed through Fram to Troll C.,2026-08-04,field,
FRIGG,FRIGG,Shut down,True,yes,reported_conditioned_mlp,False,FRIGG,,FRIGG,,,,,gas_turbine,high,https://frigg.industriminne.no/wp-content/uploads/sites/3/2020/07/TCP2-Operations-Manual-Volume-1-General-platform-part-2.pdf,"TCP2 Operations Manual, Volume 1 — Electrical and Communication Systems",,"Frigg's operating manual states that field-wide power was generated by two 16 MW turbine-driven generators on TCP2; the turbo-generators were dual-fuelled with gas or diesel, with small diesel standby units.",2026-08-04,field,FRIGG
FRØY,FRØY,Shut down,False,unknown,excluded_shutdown,False,,,,,,,,host_gas_turbine,high,https://frigg.industriminne.no/wp-content/uploads/sites/3/2020/07/TCP2-Operations-Manual-Volume-1-General-platform-part-2.pdf,"TCP2 Operations Manual, Volume 1 – General Platform, Part 2",,The TCP2 manual documents a 5.5/22 kV transformer feeding the Frøy wellhead platform and states that TCP2's dual-fuel generator sets normally ran on gas.,2026-08-04,field,
GAUPE,GAUPE,Shut down,False,unknown,excluded_shutdown,False,,,,,,,,historical_or_unknown,not_assessed,,,,Shut-down field: retained in the registry but excluded from forward forecasting.,2026-08-04,field,
GIMLE,GIMLE,Producing,False,no,external_power_zero,False,Gullfaks C,GULLFAKS,GULLFAKS,,,,,host_supplied_gas_power,high,,,https://www.sodir.no/en/whats-new/publications/reports/power-from-shore/resource-consequences/,Wells and processing are on Gullfaks C; Hywind supplements host gas generation.,2026-08-04,field,
GINA KROG,GINA KROG,Producing,True,yes,reported_conditioned_mlp,False,GINA KROG,,GINA KROG,,,,,power_from_shore,high,https://www.sodir.no/en/whats-new/publications/reports/power-from-shore/fields-with-power-to-shore/,Fields with power to shore — Norwegian Offshore Directorate,https://www.sodir.no/en/whats-new/publications/reports/power-from-shore/fields-with-power-to-shore/,"Gina Krog has received power via Johan Sverdrup's Utsira High area solution since 2023, covering the field's entire power need.",2026-08-04,field,GINA KROG
GJØA,GJØA,Producing,True,yes,reported_conditioned_mlp,False,GJØA,,GJØA,,,,,partial_power_from_shore,high,https://www.sodir.no/en/whats-new/publications/reports/power-from-shore/fields-with-power-to-shore/,Fields with power to shore — Norwegian Offshore Directorate,,"Gjøa has been partly electrified from shore since startup in 2010, while a local gas turbine drives gas export and supplies process heat through heat recovery.",2026-08-04,field,GJØA | DUVA | NOVA | VEGA
GLITNE,GLITNE,Shut down,True,yes,reported_conditioned_mlp,False,GLITNE,,GLITNE,,,,,gas_turbine,high,https://www.equinor.com/news/archive/2001/07/30/PetrojarlIOnGlitne,Petrojarl I on Glitne,,Equinor states that Petrojarl I was fitted with two specially built generators to produce electricity from Glitne's associated gas.,2026-08-04,field,GLITNE
GOLIAT,GOLIAT,Producing,True,yes,reported_conditioned_mlp,False,GOLIAT,,GOLIAT,,,,,power_from_shore,high,https://varenergi.no/no/nyheter-og-media/borsmeldinger/?release=48D118885268E2A0,Vår Energi is securing higher production for longer from the Goliat field,https://www.sodir.no/en/whats-new/publications/reports/power-from-shore/fields-with-power-to-shore/,Vår Energi states in its 15 April 2026 Goliat Gas Export announcement that Goliat is fully electrified with power from shore.,2026-08-04,field,GOLIAT
GRANE,GRANE,Producing,True,yes,reported_conditioned_mlp,False,GRANE,,GRANE,,,,,gas_turbine,high,https://www.equinor.com/energy/electrification,Electrification - Equinor,,"Grane's approved design generates power with three gas turbines, and Equinor confirms the proposed Grane-Balder power-from-shore project was discontinued in 2026, so gas-turbine generation remains the current supply.",2026-08-04,field,GRANE | BREIDABLIKK | SVALIN
GUDRUN,GUDRUN,Producing,False,no,external_power_zero,False,Sleipner A,SLEIPNER ØST,SLEIPNER ØST,,,,,power_from_shore,high,https://www.sodir.no/en/whats-new/publications/reports/power-from-shore/fields-with-power-to-shore/,Fields with power to shore — Norwegian Offshore Directorate,https://www.sodir.no/en/whats-new/publications/reports/power-from-shore/fields-with-power-to-shore/,SODIR states that Gudrun has operated with power from shore since the Utsira High-to-Sleipner connection entered service in 2024.,2026-08-04,field,
GULLFAKS,GULLFAKS,Producing,True,yes,reported_conditioned_mlp,False,GULLFAKS,,GULLFAKS,,,,,hybrid_offshore_wind_gas_turbines,high,https://www.sodir.no/en/whats-new/publications/reports/power-from-shore/emissions-to-air/,Emissions to air — Norwegian Offshore Directorate,,Hywind Tampen supplies roughly 35% of Gullfaks and Snorre's annual electricity demand; the facilities supplement this variable wind supply with gas-turbine generation.,2026-08-04,field,GULLFAKS | GIMLE | GULLFAKS SØR | SINDRE | TORDIS | VISUND SØR
GULLFAKS SØR,GULLFAKS SØR,Producing,False,no,external_power_zero,False,Gullfaks A and C,GULLFAKS,GULLFAKS,,,,,host_supplied_gas_power,high,,,https://www.sodir.no/en/whats-new/publications/reports/power-from-shore/resource-consequences/,Subsea development using Gullfaks facilities; Hywind supplements host gas generation.,2026-08-04,field,
GUNGNE,GUNGNE,Producing,False,no,external_power_zero,False,Sleipner A,SLEIPNER ØST,SLEIPNER ØST,,,,,host_supplied_shore_power,high,,,https://www.sodir.no/en/whats-new/publications/reports/power-from-shore/fields-with-power-to-shore/,Wells and processing are on Sleipner A; shore connection became operational in 2024.,2026-08-04,field,
GYDA,GYDA,Shut down,True,yes,reported_conditioned_mlp,False,GYDA,,GYDA,,,,,gas_turbine,high,https://energiledelse.offshorenorge.no/en/Tiltaksliste/Articles/Tiltak41,Opportunity 41: More efficient turbine operation on Gyda,,Offshore Norge records Gyda operating one turbine on fuel gas and using a second turbine intermittently on diesel when required.,2026-08-04,field,GYDA
HALTEN ØST,HALTEN ØST,Producing,False,no,external_power_zero,False,Åsgard B,ÅSGARD,ÅSGARD,,,,,host_supplied_gas_power,medium,,,https://www.sodir.no/en/whats-new/publications/reports/power-from-shore/resource-consequences/,Subsea tieback to Åsgard infrastructure.,2026-08-04,field,
HANZ,HANZ,Producing,False,no,external_power_zero,False,Ivar Aasen,IVAR AASEN,EDVARD GRIEG,,,,,host_supplied_shore_power,high,https://www.sodir.no/en/whats-new/publications/reports/power-from-shore/fields-with-power-to-shore/,Fields with power to shore — Norwegian Offshore Directorate,https://www.sodir.no/en/whats-new/publications/reports/power-from-shore/fields-with-power-to-shore/,Hanz is supplied through the shore-powered Ivar Aasen installation; its direct accounting and navigation relationship remains Hanz to Ivar Aasen.,2026-08-04,field,
HEIDRUN,HEIDRUN,Producing,True,yes,reported_conditioned_mlp,False,HEIDRUN,,HEIDRUN,,,,,gas_turbine,high,https://www.offshorenorge.no/contentassets/7a9efe0e38314d2fa311e25075ecf402/heidrun-2025.pdf,Årsrapport Heidrunfeltet 2025,,"Equinor's 2025 field report records 154.4 million Sm³ of fuel gas used by SAC and DLE turbines, says electricity is mainly generated by generator turbines, and reports no imported electricity from shore, wind, or another field.",2026-08-04,field,HEIDRUN | DVALIN
HEIMDAL,HEIMDAL,Shut down,True,yes,reported_conditioned_mlp,False,HEIMDAL,,HEIMDAL,,,,,gas_turbine,high,https://www.rein-energy.com/process-facilities,Heimdal New Power Generator (HNPG),,"The Heimdal main generator was a dry-gas-fuelled gas turbine, with the older KG5 units retained as backup generation.",2026-08-04,field,HEIMDAL
HOD,HOD,Producing,False,no,external_power_zero,False,Valhall,VALHALL,VALHALL,,,,,power_from_shore,high,https://www.sodir.no/en/whats-new/publications/reports/power-from-shore/fields-with-power-to-shore/,Fields with power to shore — Norwegian Offshore Directorate,https://www.sodir.no/en/whats-new/publications/reports/power-from-shore/fields-with-power-to-shore/,"SODIR states that Hod's wellhead platform receives electricity from Valhall, whose entire power need is supplied from shore.",2026-08-04,field,
HULDRA,HULDRA,Shut down,True,yes,reported_conditioned_mlp,False,HULDRA,,HULDRA,,,,,diesel_generation,high,https://www.regjeringen.no/no/dokumenter/stprp-nr-8-1998-99-/id202222/?ch=2,St.prp. nr. 8 (1998–99) — Development and operation of Huldra,,The approved development description says Huldra's electrical demand was supplied by diesel-driven generators; remote control from Veslefrikk did not include a power cable.,2026-08-04,field,HULDRA
HYME,HYME,Producing,False,no,external_power_zero,False,Njord A,NJORD,NJORD,,,,,host_supplied_gas_power,high,,,https://www.sodir.no/en/whats-new/publications/reports/power-from-shore/resource-consequences/,Subsea tieback; fuel is reported at Njord.,2026-08-04,field,
ISLAY,ISLAY,Producing,False,no,external_power_zero,False,Alwyn North,,,,,,,host_supplied_gas_power,medium,,,https://www.sodir.no/en/whats-new/publications/reports/power-from-shore/resource-consequences/,Single subsea well powered and controlled through UK host infrastructure.,2026-08-04,field,
IVAR AASEN,IVAR AASEN,Producing,False,no,external_power_zero,False,Edvard Grieg,EDVARD GRIEG,EDVARD GRIEG,,,,,power_from_shore,high,https://www.sodir.no/en/whats-new/publications/reports/power-from-shore/fields-with-power-to-shore/,Fields with power to shore — Norwegian Offshore Directorate,https://www.sodir.no/en/whats-new/publications/reports/power-from-shore/fields-with-power-to-shore/,"The Directorate says Ivar Aasen has run on power from shore via the Utsira High area solution since it became operational in 2022, covering the platform through its cable from Edvard Grieg.",2026-08-04,field,
JETTE,JETTE,Shut down,False,unknown,excluded_shutdown,False,,,,,,,,historical_or_unknown,not_assessed,,,,Shut-down field: retained in the registry but excluded from forward forecasting.,2026-08-04,field,
JOHAN CASTBERG,JOHAN CASTBERG,Producing,True,yes,reported_conditioned_mlp,False,JOHAN CASTBERG,,JOHAN CASTBERG,,,,,gas_turbine,high,https://www.regjeringen.no/no/dokumenter/prop.-80-s-20172018/id2596504/?ch=3,Prop. 80 S (2017–2018): Development and operation of Johan Castberg,,"The approved development uses two 33 MW low-NOx gas turbines on the FPSO for electrical power, plus a separate 40 MW gas turbine mechanically driving gas injection.",2026-08-04,field,JOHAN CASTBERG
JOHAN SVERDRUP,JOHAN SVERDRUP,Producing,True,yes,reported_conditioned_mlp,False,JOHAN SVERDRUP,,JOHAN SVERDRUP,,,,,power_from_shore,high,https://www.equinor.com/news/20250701-developing-johan-sverdrup,Developing the largest oil producer on the Norwegian continental shelf,https://www.sodir.no/en/whats-new/publications/reports/power-from-shore/fields-with-power-to-shore/,Equinor states that Johan Sverdrup is powered by electricity from shore; the operator's 2025 field update confirms this remains the field's operating power supply.,2026-08-04,field,JOHAN SVERDRUP
JOTUN,JOTUN,Shut down,True,yes,reported_conditioned_mlp,False,JOTUN,,JOTUN,,,,,gas_turbine,high,https://www.offshorenorge.no/contentassets/7a9efe0e38314d2fa311e25075ecf402/balder-omradet-2025.pdf,Utslippsrapport for Balder-området 2025,,Vår Energi's 2025 emissions report lists gas-fired turbines on the redeployed Jotun FPSO and records accredited exhaust measurements from those turbines.,2026-08-04,field,JOTUN
KNARR,KNARR,Shut down,True,yes,reported_conditioned_mlp,False,KNARR,,KNARR,,,,,gas_turbine,high,https://www.sintef.no/globalassets/project/hfc/documents/2016_352_rapport.pdf,Petroleumstilsynet audit of Teekay's barrier management on Petrojarl Knarr (2016),,The 2016 Petroleum Safety Authority audit of Petrojarl Knarr explicitly describes gas-fired power generation and discusses fuel-gas piping to the turbines.,2026-08-04,field,KNARR
KRISTIN,KRISTIN,Producing,True,yes,reported_conditioned_mlp,False,KRISTIN,,KRISTIN,,,,,gas_turbine,high,https://cdn.equinor.com/files/h61q9gi9/global/7dee85d253fbe25b67bf6d07d737414adba12b64.pdf?pud-kristin-konsekvensutredning-del-2-mai-2001-equinor.pdf=,"PUD/PAD for Kristin — Environmental impact assessment, part 2",,Equinor's approved development assessment specifies two LM2500+ gas turbines for electrical generation; Equinor's current electrification page says the proposed Halten partial-electrification project covering Kristin was discontinued in October 2025.,2026-08-04,field,KRISTIN | MARIA | TYRIHANS
KVITEBJØRN,KVITEBJØRN,Producing,True,yes,reported_conditioned_mlp,False,KVITEBJØRN,,KVITEBJØRN,,,,,gas_turbine,high,https://www.offshorenorge.no/contentassets/6e0039e7cdfa4d48a4a719f8db8973a7/kvitebjorn-2021.pdf,"Equinor annual report for the Kvitebjørn field, 2021",,"Equinor reports that Kvitebjørn produced its electricity mainly with generator turbines fired by gas, imported no electricity from shore, wind or another field, and exported power to Valemon.",2026-08-04,field,KVITEBJØRN | VALEMON
LILLE-FRIGG,LILLE-FRIGG,Shut down,False,unknown,excluded_shutdown,False,,,,,,,,historical_or_unknown,not_assessed,,,,Shut-down field: retained in the registry but excluded from forward forecasting.,2026-08-04,field,
MARIA,MARIA,Producing,False,no,external_power_zero,False,Kristin,KRISTIN,KRISTIN,,,,,host_supplied_gas_power,high,,,https://www.sodir.no/en/whats-new/publications/reports/power-from-shore/resource-consequences/,Subsea tieback; fuel is reported at Kristin.,2026-08-04,field,
MARTIN LINGE,MARTIN LINGE,Producing,True,yes,reported_conditioned_mlp,False,MARTIN LINGE,,MARTIN LINGE,,,,,power_from_shore,high,https://factpages.sodir.no/en/field/PageView/Producing/21675447,Field: MARTIN LINGE — Norwegian Offshore Directorate Factpages,https://www.sodir.no/en/whats-new/publications/reports/power-from-shore/fields-with-power-to-shore/,"SODIR's field description, updated 20 February 2026, states that the Martin Linge installation is supplied with power from shore.",2026-08-04,field,MARTIN LINGE
MARULK,MARULK,Producing,False,no,external_power_zero,False,Norne FPSO,NORNE,NORNE,,,,,host_supplied_gas_power,high,,,https://www.sodir.no/en/whats-new/publications/reports/power-from-shore/resource-consequences/,Subsea tieback; fuel is reported at Norne.,2026-08-04,field,
MIKKEL,MIKKEL,Producing,False,no,external_power_zero,False,Åsgard B,ÅSGARD,ÅSGARD,,,,,host_supplied_gas_power,high,,,https://www.sodir.no/en/whats-new/publications/reports/power-from-shore/resource-consequences/,Subsea development using Åsgard processing and power.,2026-08-04,field,
MIME,MIME,Shut down,False,unknown,excluded_shutdown,False,,,,,,,,historical_or_unknown,not_assessed,,,,Shut-down field: retained in the registry but excluded from forward forecasting.,2026-08-04,field,
MORVIN,MORVIN,Producing,False,no,external_power_zero,False,Åsgard B,ÅSGARD,ÅSGARD,,,,,host_supplied_gas_power,high,,,https://www.sodir.no/en/whats-new/publications/reports/power-from-shore/resource-consequences/,Subsea tieback; fuel is reported at Åsgard.,2026-08-04,field,
MURCHISON,MURCHISON,Shut down,True,yes,reported_conditioned_mlp,False,MURCHISON,,MURCHISON,,,,,gas_turbine,medium,https://assets.publishing.service.gov.uk/government/uploads/system/uploads/attachment_data/file/340730/MURCHISON_-_DP.pdf,Murchison Field – Decommissioning Programmes,,The government-approved operator programme records fuel gas imported from the NLGP network to the Murchison platform; facility records identify gas-turbine electricity generation.,2026-08-04,field,MURCHISON
NJORD,NJORD,Producing,True,yes,reported_conditioned_mlp,False,NJORD,,NJORD,2027-04,power_from_shore,https://www.equinor.com/news/20221215-njord-electrification,Equinor expects start-up in Q1 2027; the monthly fuel forecast is set to zero from the first month after that commissioning window.,gas_turbine,high,https://www.equinor.com/news/20221215-njord-electrification,Njord field cutting 130 000 tonnes of CO2 emissions per year from 2027,,"Equinor identifies two existing gas turbines as Njord A's main power source; the approved shore-power conversion remained an in-execution future project in 2026, with no commissioning announcement found by 3 August.",2026-08-04,field,NJORD | BAUGE | FENJA | HYME
NORDØST FRIGG,NORDØST FRIGG,Shut down,False,unknown,excluded_shutdown,False,,,,,,,,historical_or_unknown,not_assessed,,,,Shut-down field: retained in the registry but excluded from forward forecasting.,2026-08-04,field,
NORNE,NORNE,Producing,True,yes,reported_conditioned_mlp,False,NORNE,,NORNE,,,,,gas_turbine,high,https://www.offshorenorge.no/contentassets/39dda802fe004804bdfd32121e6a7c4b/norne-2024.pdf,Årsrapport Nornefeltet 2024,,"The 2024 field report says Norne FPSO generated its electricity mainly with generator turbines, imported no electricity from shore, wind, or another field, and burned fuel gas in SAC and DLE turbines.",2026-08-04,field,NORNE | ALVE | MARULK | SKULD | URD | VERDANDE
NOVA,NOVA,Producing,False,no,external_power_zero,False,Gjøa,GJØA,GJØA,,,,,host_supplied_shore_power,high,,,https://www.sodir.no/en/whats-new/publications/reports/power-from-shore/fields-with-power-to-shore/,Subsea tieback; Gjøa is partly shore-powered and retains host gas equipment.,2026-08-04,field,
ODA,ODA,Producing,False,no,external_power_zero,False,Ula,ULA,ULA,,,,,host_supplied_gas_power,high,,,https://www.sodir.no/en/whats-new/publications/reports/power-from-shore/resource-consequences/,Subsea tieback; fuel is reported at Ula.,2026-08-04,field,
ODIN,ODIN,Shut down,False,unknown,excluded_shutdown,False,,,,,,,,historical_or_unknown,not_assessed,,,,Shut-down field: retained in the registry but excluded from forward forecasting.,2026-08-04,field,
ORMEN LANGE,ORMEN LANGE,Producing,False,no,external_power_zero,False,Nyhamna,,,,,,,power_from_shore,high,,,https://www.sodir.no/en/whats-new/publications/reports/power-from-shore/fields-with-power-to-shore/,Fully subsea development and onshore processing supplied by the grid.,2026-08-04,field,
OSEBERG,OSEBERG,Producing,True,yes,reported_conditioned_mlp,False,OSEBERG,,OSEBERG,2028-01,power_from_shore,https://www.equinor.com/energy/electrification,Equinor expects partial electrification of the Oseberg Field Centre by late 2027; the monthly fuel forecast is set to zero from the following month as an explicit scenario override.,gas_turbine,high,https://www.equinor.com/energy/electrification,Electrification – Equinor,,Oseberg is currently powered by its offshore gas-turbine system; the planned shore-power cable is not yet installed or operational.,2026-08-04,field,OSEBERG | TUNE
OSEBERG SØR,OSEBERG SØR,Producing,True,yes,reported_conditioned_mlp,False,OSEBERG SØR,,OSEBERG SØR,2028-01,power_from_shore,https://www.equinor.com/energy/electrification,Equinor expects partial electrification of Oseberg Sør by late 2027; the monthly fuel forecast is set to zero from the following month as an explicit scenario override.,gas_turbine,high,https://www.equinor.com/energy/electrification,Electrification — Equinor,,"Oseberg Sør's installed generation is gas-turbine based; Equinor says its partial shore-power conversion remains in execution and has been postponed to late 2027, so gas turbines are the operational 2026 source.",2026-08-04,field,OSEBERG SØR
OSEBERG ØST,OSEBERG ØST,Producing,True,yes,reported_conditioned_mlp,False,OSEBERG ØST,,OSEBERG ØST,,,,,gas_turbine,high,https://cdn.equinor.com/files/h61q9gi9/global/ac288e1aefb656a72c3490096c77bbc248db5a9f.pdf?equinor-konsekvensutredning-oseberg-ost.pdf=,Equinor — Oseberg Øst decommissioning impact assessment,,"Equinor states that field gas fuels platform power generation and that shutdown timing depends on gas availability; diesel can supplement it, while SODIR's 2026 field status confirms produced gas still supplies the platform generator.",2026-08-04,field,OSEBERG ØST
OSELVAR,OSELVAR,Shut down,False,unknown,excluded_shutdown,False,,,,,,,,historical_or_unknown,not_assessed,,,,Shut-down field: retained in the registry but excluded from forward forecasting.,2026-08-04,field,
REV,REV,Producing,False,no,external_power_zero,False,Armada,,,,,,,host_supplied_gas_power,high,,,https://www.sodir.no/en/whats-new/publications/reports/power-from-shore/resource-consequences/,Subsea development connected electrically and hydraulically to the UK Armada host.,2026-08-04,field,
RINGHORNE ØST,RINGHORNE ØST,Producing,False,no,external_power_zero,False,Balder,BALDER,BALDER,,,,,host_supplied_gas_power,high,,,https://www.sodir.no/en/whats-new/publications/reports/power-from-shore/resource-consequences/,Ringhorne Øst uses the Ringhorne platform within the Balder area; public fuel reporting is consolidated under Balder and a separate inferred series would double count.,2026-08-04,field,
SIGYN,SIGYN,Producing,False,no,external_power_zero,False,Sleipner A,SLEIPNER ØST,SLEIPNER ØST,,,,,host_supplied_shore_power,high,,,https://www.sodir.no/en/whats-new/publications/reports/power-from-shore/fields-with-power-to-shore/,Subsea tieback; shore connection became operational in 2024.,2026-08-04,field,
SINDRE,SINDRE,Producing,False,no,external_power_zero,False,Gullfaks C,GULLFAKS,GULLFAKS,,,,,host_supplied_gas_power,high,,,https://www.sodir.no/en/whats-new/publications/reports/power-from-shore/resource-consequences/,Well drilled and processed from Gullfaks C; Hywind supplements host gas generation.,2026-08-04,field,
SKARV,SKARV,Producing,True,yes,reported_conditioned_mlp,False,SKARV,,SKARV,,,,,gas_turbine,high,https://akerbp.com/wp-content/uploads/2025/06/2024-aker-bp-cdp-2024-climate-change-questionnaire.pdf,Aker BP 2024 CDP Climate Change Questionnaire,,Aker BP states that the Skarv FPSO relies on three turbines for operational power and describes its controls as gas-turbine optimization.,2026-08-04,field,SKARV | ÆRFUGL NORD
SKIRNE,SKIRNE,Shut down,False,unknown,excluded_shutdown,False,,,,,,,,historical_or_unknown,not_assessed,,,,Shut-down field: retained in the registry but excluded from forward forecasting.,2026-08-04,field,
SKOGUL,SKOGUL,Producing,False,no,external_power_zero,False,Alvheim FPSO,ALVHEIM,ALVHEIM,,,,,host_supplied_gas_power,high,,,https://www.sodir.no/en/whats-new/publications/reports/power-from-shore/resource-consequences/,Subsea tieback; fuel is reported at Alvheim.,2026-08-04,field,
SKULD,SKULD,Producing,False,no,external_power_zero,False,Norne FPSO,NORNE,NORNE,,,,,host_supplied_gas_power,high,,,https://www.sodir.no/en/whats-new/publications/reports/power-from-shore/resource-consequences/,Subsea tieback; fuel is reported at Norne.,2026-08-04,field,
SLEIPNER VEST,SLEIPNER VEST,Producing,True,yes,reported_conditioned_mlp,False,SLEIPNER VEST,,SLEIPNER VEST,,,,,partial_power_from_shore,high,https://www.equinor.com/news/20240404-reducing-emissions-from-sleipner-and-gudrun,Reducing emissions from Sleipner and Gudrun,,"Sleipner Vest is operated through the Sleipner field centre, which Equinor says has received onshore power since 24 March 2024 and operates partly on shore power while a Sleipner A gas turbine remains as backup.",2026-08-04,field,SLEIPNER VEST
SLEIPNER ØST,SLEIPNER ØST,Producing,True,yes,reported_conditioned_mlp,False,SLEIPNER ØST,,SLEIPNER ØST,,,,,hybrid_shore_power_gas_turbine,high,https://www.sodir.no/en/whats-new/publications/reports/power-from-shore/fields-with-power-to-shore/,Norwegian Offshore Directorate — Fields with power to shore,,"Sleipner has received power from shore via Gina Krog since 2024, while some power is still generated by gas turbines.",2026-08-04,field,SLEIPNER ØST | GUDRUN | GUNGNE | SIGYN | UTGARD
SNORRE,SNORRE,Producing,True,yes,reported_conditioned_mlp,False,SNORRE,,SNORRE,,,,,hybrid_wind_gas,high,https://www.equinor.com/energy/hywind-tampen,Hywind Tampen - Equinor,,Hywind Tampen supplies Snorre A and B with about 35% of annual electricity demand; platform gas turbines provide the balance and full backup when wind is insufficient.,2026-08-04,field,SNORRE | VIGDIS
SNØHVIT,SNØHVIT,Producing,False,no,external_power_zero,False,Melkøya LNG,,,,,,,host_supplied_gas_power,high,,,https://www.sodir.no/en/whats-new/publications/reports/power-from-shore/resource-consequences/,Offshore development is subsea-only; processing and current generation occur at Melkøya.,2026-08-04,field,
SOLVEIG,SOLVEIG,Producing,False,no,external_power_zero,False,Edvard Grieg,EDVARD GRIEG,EDVARD GRIEG,,,,,host_supplied_shore_power,high,,,https://www.sodir.no/en/whats-new/publications/reports/power-from-shore/fields-with-power-to-shore/,Subsea tieback to a host whose full electrical need is supplied from shore.,2026-08-04,field,
STATFJORD,STATFJORD,Producing,True,yes,reported_conditioned_mlp,False,STATFJORD,,STATFJORD,,,,,gas_turbine,high,https://www.offshorenorge.no/contentassets/39dda802fe004804bdfd32121e6a7c4b/statfjordfeltet-2024.pdf,Statfjord field environmental annual report 2024,,"The 2024 field report says gas turbines generate most energy in normal operation across Statfjord A, B and C; Statfjord C's planned 2026 waste-heat steam system is not shore power.",2026-08-04,field,STATFJORD | STATFJORD NORD | STATFJORD ØST | SYGNA
STATFJORD NORD,STATFJORD NORD,Producing,False,no,external_power_zero,False,Statfjord C,STATFJORD,STATFJORD,,,,,host_supplied_gas_power,high,,,https://www.sodir.no/en/whats-new/publications/reports/power-from-shore/resource-consequences/,Subsea tieback; energy is supplied and reported at Statfjord C.,2026-08-04,field,
STATFJORD ØST,STATFJORD ØST,Producing,False,no,external_power_zero,False,Statfjord C,STATFJORD,STATFJORD,,,,,host_supplied_gas_power,high,,,https://www.sodir.no/en/whats-new/publications/reports/power-from-shore/resource-consequences/,Subsea tieback; energy is supplied and reported at Statfjord C.,2026-08-04,field,
SVALIN,SVALIN,Producing,False,no,external_power_zero,False,Grane,GRANE,GRANE,,,,,host_supplied_gas_power,high,,,https://www.sodir.no/en/whats-new/publications/reports/power-from-shore/resource-consequences/,Subsea and platform-drilled wells processed at Grane.,2026-08-04,field,
SYGNA,SYGNA,Producing,False,no,external_power_zero,False,Statfjord C,STATFJORD,STATFJORD,,,,,host_supplied_gas_power,high,,,https://www.sodir.no/en/whats-new/publications/reports/power-from-shore/resource-consequences/,Subsea tieback; energy is supplied and reported at Statfjord C.,2026-08-04,field,
TAMBAR,TAMBAR,Producing,False,no,external_power_zero,False,Ula,ULA,ULA,,,,,host_supplied_gas_power,high,https://akerbp.com/wp-content/uploads/2025/06/2024-aker-bp-cdp-2024-climate-change-questionnaire.pdf,Aker BP CDP 2024 Climate Change Questionnaire,https://www.sodir.no/en/whats-new/publications/reports/power-from-shore/resource-consequences/,"Tambar is a remotely controlled tie-back to Ula, while Aker BP's recent climate reporting explicitly describes optimizing turbine power consumption on Ula; Tambar therefore receives host-supplied gas-turbine power.",2026-08-04,field,
TOMMELITEN A,TOMMELITEN A,Producing,False,no,external_power_zero,False,Ekofisk Complex,EKOFISK,EKOFISK,,,,,host_supplied_gas_power,high,,,https://www.sodir.no/en/whats-new/publications/reports/power-from-shore/resource-consequences/,Subsea tieback; fuel is reported at Ekofisk.,2026-08-04,field,
TOMMELITEN GAMMA,TOMMELITEN GAMMA,Approved for production,False,no,external_power_zero,False,Ekofisk Centre,EKOFISK,EKOFISK,,,,,host_supplied_gas_power,high,,,https://www.sodir.no/en/whats-new/publications/reports/power-from-shore/resource-consequences/,Approved subsea redevelopment with no separate field power plant.,2026-08-04,field,
TOR,TOR,Producing,True,no,external_power_zero,False,Ekofisk,EKOFISK,EKOFISK,,,,,host_supplied_gas_power,high,https://factpages.sodir.no/en/field/PageView/All/43520,Field: TOR — Norwegian Offshore Directorate FactPages,https://www.sodir.no/en/whats-new/publications/reports/power-from-shore/resource-consequences/,"SODIR describes Tor II as two subsea templates tied back to the Ekofisk Centre, where the well stream is processed; the redeveloped field therefore has no separate forward fuel boundary.",2026-08-04,field,
TORDIS,TORDIS,Producing,False,no,external_power_zero,False,Gullfaks C,GULLFAKS,GULLFAKS,,,,,host_supplied_gas_power,high,,,https://www.sodir.no/en/whats-new/publications/reports/power-from-shore/resource-consequences/,Subsea tieback; energy is supplied and reported at Gullfaks C.,2026-08-04,field,
TRESTAKK,TRESTAKK,Producing,False,no,external_power_zero,False,Åsgard A,ÅSGARD,ÅSGARD,,,,,host_supplied_gas_power,high,,,https://www.sodir.no/en/whats-new/publications/reports/power-from-shore/resource-consequences/,Subsea tieback; fuel is reported at Åsgard.,2026-08-04,field,
TROLL,TROLL,Producing,True,yes,reported_conditioned_mlp,False,TROLL,,TROLL,,,,,power_from_shore_mixed,high,https://factpages.sodir.no/en/field/PageView/All/46437,Field: TROLL — Norwegian Offshore Directorate FactPages,,Troll A receives power from shore; Troll B and Troll C have operated partly with power from shore since 2024.,2026-08-04,field,TROLL | BYRDING | FRAM | FRAM H-NORD
TRYM,TRYM,Producing,False,no,external_power_zero,False,Harald,,,,,,,host_supplied_gas_power,high,,,https://www.sodir.no/en/whats-new/publications/reports/power-from-shore/resource-consequences/,Subsea tieback to the Danish Harald host.,2026-08-04,field,
TUNE,TUNE,Producing,False,no,external_power_zero,False,Oseberg,OSEBERG,OSEBERG,,,,,host_supplied_gas_power,high,,,https://www.sodir.no/en/whats-new/publications/reports/power-from-shore/resource-consequences/,Subsea tieback; fuel and power are accounted at Oseberg.,2026-08-04,field,
TYRIHANS,TYRIHANS,Producing,False,no,external_power_zero,False,Kristin,KRISTIN,KRISTIN,,,,,host_supplied_gas_power,high,,,https://www.sodir.no/en/whats-new/publications/reports/power-from-shore/resource-consequences/,Subsea tieback; fuel is reported at Kristin.,2026-08-04,field,
TYRVING,TYRVING,Producing,False,no,external_power_zero,False,Alvheim FPSO,ALVHEIM,ALVHEIM,,,,,host_supplied_gas_power,high,,,https://www.sodir.no/en/whats-new/publications/reports/power-from-shore/resource-consequences/,Subsea tieback; fuel is reported at Alvheim.,2026-08-04,field,
ULA,ULA,Producing,True,yes,reported_conditioned_mlp,False,ULA,,ULA,,,,,gas_turbine,high,https://akerbp.com/wp-content/uploads/2025/06/annual-report-2024.pdf,Aker BP Annual Report 2024,,"Aker BP reports turbine optimisation on Ula in 2024, confirming that the field centre generated operational power with gas turbines.",2026-08-04,field,ULA | BLANE | ODA | TAMBAR
URD,URD,Producing,False,no,external_power_zero,False,Norne FPSO,NORNE,NORNE,,,,,host_supplied_gas_power,high,,,https://www.sodir.no/en/whats-new/publications/reports/power-from-shore/resource-consequences/,Subsea tieback; fuel is reported at Norne.,2026-08-04,field,
UTGARD,UTGARD,Producing,False,no,external_power_zero,False,Sleipner T,SLEIPNER ØST,SLEIPNER ØST,,,,,host_supplied_shore_power,high,,,https://www.sodir.no/en/whats-new/publications/reports/power-from-shore/fields-with-power-to-shore/,Subsea tieback; the Sleipner area has partial shore power since 2024.,2026-08-04,field,
VALE,VALE,Shut down,False,unknown,excluded_shutdown,False,,,,,,,,historical_or_unknown,not_assessed,,,,Shut-down field: retained in the registry but excluded from forward forecasting.,2026-08-04,field,
VALEMON,VALEMON,Producing,False,no,external_power_zero,False,Kvitebjørn,KVITEBJØRN,KVITEBJØRN,,,,,host_supplied_gas_power,high,https://www.offshorenorge.no/contentassets/7a9efe0e38314d2fa311e25075ecf402/resten/kvitebjorn-2025.pdf,Kvitebjørn årsrapport 2025,https://www.sodir.no/en/whats-new/publications/reports/power-from-shore/resource-consequences/,"Kvitebjørn exported 15.18 GWh of electricity to Valemon in 2025; its electricity was generated mainly by gas-fired generator turbines, with zero imports from shore or offshore wind.",2026-08-04,field,
VALHALL,VALHALL,Producing,True,yes,reported_conditioned_mlp,False,VALHALL,,VALHALL,,,,,power_from_shore,high,https://www.sodir.no/en/whats-new/publications/reports/power-from-shore/fields-with-power-to-shore/,Fields with power to shore — Norwegian Offshore Directorate,https://www.sodir.no/en/whats-new/publications/reports/power-from-shore/fields-with-power-to-shore/,SODIR states that Valhall's power-from-shore solution became operational in 2012 and covers the field's entire power need.,2026-08-04,field,VALHALL | HOD
VARG,VARG,Shut down,True,yes,reported_conditioned_mlp,False,VARG,,VARG,,,,,gas_diesel_engine_generation,high,https://www.offshorenorge.no/contentassets/75083ada93904f22b979248850ddcd32/varg.pdf,Annual report to the Norwegian Environment Agency for Varg 2016,,Repsol's 2016 report lists four Wärtsilä 18V32GDLN dual-fuel main engines on Petrojarl Varg and reports both fuel-gas and diesel operation.,2026-08-04,field,VARG
VEGA,VEGA,Producing,False,no,external_power_zero,False,Gjøa,GJØA,GJØA,,,,,host_supplied_shore_power,high,,,https://www.sodir.no/en/whats-new/publications/reports/power-from-shore/fields-with-power-to-shore/,Subsea tieback; normal production energy and emissions are included at Gjøa.,2026-08-04,field,
VERDANDE,VERDANDE,Producing,False,no,external_power_zero,False,Norne FPSO,NORNE,NORNE,,,,,host_supplied_gas_power,high,,,https://www.sodir.no/en/whats-new/publications/reports/power-from-shore/resource-consequences/,Subsea tieback; fuel is reported at Norne.,2026-08-04,field,
VESLEFRIKK,VESLEFRIKK,Shut down,True,yes,reported_conditioned_mlp,False,VESLEFRIKK,,VESLEFRIKK,,,,,gas_turbine,high,https://www.offshorenorge.no/contentassets/f536b0771bb64696aa0f09365a19d7da/veslefrikk-2021.pdf,Annual report 2021 for Veslefrikk,,"Equinor's final full-year environmental report says electricity was mainly generated by generator turbines, records 29.5 million Sm3 of fuel gas burned in turbines, and reports no imported electricity from shore, wind, or another field.",2026-08-04,field,VESLEFRIKK
VEST EKOFISK,VEST EKOFISK,Approved for production,False,no,external_power_zero,False,Ekofisk Centre,EKOFISK,EKOFISK,,,,,host_supplied_gas_power,high,,,https://www.sodir.no/en/whats-new/publications/reports/power-from-shore/resource-consequences/,Approved redevelopment is a subsea tieback; the historical standalone platform is no longer the future concept.,2026-08-04,field,
VIGDIS,VIGDIS,Producing,False,no,external_power_zero,False,Snorre A,SNORRE,SNORRE,,,,,host_supplied_gas_power,high,,,https://www.sodir.no/en/whats-new/publications/reports/power-from-shore/resource-consequences/,Subsea tieback; Hywind supplements host gas generation at Snorre.,2026-08-04,field,
VILJE,VILJE,Producing,False,no,external_power_zero,False,Alvheim FPSO,ALVHEIM,ALVHEIM,,,,,host_supplied_gas_power,high,,,https://www.sodir.no/en/whats-new/publications/reports/power-from-shore/resource-consequences/,Subsea tieback; fuel is reported at Alvheim.,2026-08-04,field,
VISUND,VISUND,Producing,True,yes,reported_conditioned_mlp,False,VISUND,,VISUND,,,,,gas_turbine,high,https://hoering.miljodirektoratet.no/LastNedVedlegg/9267,Norwegian Environment Agency operating permit for Visund,,"The official permit identifies turbines and motors as Visund's energy plant and explicitly regulates gas consumption in its turbines, including a gas-fired low-NOx turbine.",2026-08-04,field,VISUND
VISUND SØR,VISUND SØR,Producing,False,no,external_power_zero,False,Gullfaks C,GULLFAKS,GULLFAKS,,,,,host_supplied_gas_power,high,,,https://www.sodir.no/en/whats-new/publications/reports/power-from-shore/resource-consequences/,Subsea tieback; Hywind supplements host gas generation at Gullfaks.,2026-08-04,field,
VOLUND,VOLUND,Producing,False,no,external_power_zero,False,Alvheim FPSO,ALVHEIM,ALVHEIM,,,,,host_supplied_gas_power,high,,,https://www.sodir.no/en/whats-new/publications/reports/power-from-shore/resource-consequences/,Subsea tieback; fuel is reported at Alvheim.,2026-08-04,field,
VOLVE,VOLVE,Shut down,True,yes,reported_conditioned_mlp,False,VOLVE,,VOLVE,,,,,gas_turbine_and_diesel,high,https://www.repsol.no/content/dam/repsol-paises/pdfs/norway/yme/c/Yme%20New%20Development-%20kraft%20fra%20land%20rapport.pdf,Yme New Development – Power from Shore,,Volve produced from Mærsk Inspirer; Repsol's official study for that same unit documents two Solar Titan gas-turbine generators for the process module and four diesel generators for the rig and drilling systems.,2026-08-04,field,VOLVE
YME,YME,Producing,True,yes,reported_conditioned_mlp,False,YME,,YME,,,,,gas_turbine,high,https://www.repsol.no/content/dam/repsol-paises/pdfs/norway/sustainability-plans/sustainability-plan-2023/2023-year-end-report-for-norway.pdf,Repsol Norge 2023 Sustainability Plan and Year-end Report,,"Repsol reports that Yme's plant can operate with one gas turbine together with lower-fuel-demand diesel generators, confirming gas-turbine-led offshore generation.",2026-08-04,field,YME
YTTERGRYTA,YTTERGRYTA,Shut down,False,unknown,excluded_shutdown,False,,,,,,,,historical_or_unknown,not_assessed,,,,Shut-down field: retained in the registry but excluded from forward forecasting.,2026-08-04,field,
ÅSGARD,ÅSGARD,Producing,True,yes,reported_conditioned_mlp,False,ÅSGARD,,ÅSGARD,,,,,gas_turbine,high,https://www.offshorenorge.no/contentassets/39dda802fe004804bdfd32121e6a7c4b/asgard-2024.pdf,Årsrapport Åsgardfeltet 2024,,Equinor's 2024 field report records fuel-gas turbine combustion and active DLE/SAC generator sources on both Åsgard A and Åsgard B.,2026-08-04,field,ÅSGARD | HALTEN ØST | MIKKEL | MORVIN | TRESTAKK
ÆRFUGL NORD,ÆRFUGL NORD,Producing,False,no,external_power_zero,False,Skarv FPSO,SKARV,SKARV,,,,,host_supplied_gas_power,high,,,https://www.sodir.no/en/whats-new/publications/reports/power-from-shore/resource-consequences/,Subsea tieback; fuel is reported at Skarv.,2026-08-04,field,
ØST FRIGG,ØST FRIGG,Shut down,False,unknown,excluded_shutdown,False,,,,,,,,historical_or_unknown,not_assessed,,,,Shut-down field: retained in the registry but excluded from forward forecasting.,2026-08-04,field,
EIRIN,EIRIN,Producing,False,not_applicable,excluded_no_numeric_production,False,Gina Krog,GINA KROG,GINA KROG,,,,,host_supplied_shore_power,high,,,,"The source contains no numeric oil-equivalent production history, so a production-conditioned fuel forecast cannot yet be started. Subsea tieback; Gina Krog receives its full electrical requirement from shore.",2026-08-04,field_without_numeric_production,
