variant,field_key,field,validation_samples,production_rmse_msm3oe,production_mae_msm3oe,production_smape,production_rmsle,fuel_validation_samples,fuel_rmse_msm3,fuel_mae_msm3,fuel_smape,fuel_rmsle
global_mlp,AASTA HANSTEEN,AASTA HANSTEEN,10,0.08210075079509126,0.058013901114463806,0.09622055896081387,0.05148781400350497,12.0,0.8325993206014067,0.6465211510658264,0.07753705033737403,0.0910224925219039
global_mlp,ALBUSKJELL,ALBUSKJELL,24,0.0034084522863637575,0.00276669068261981,0.13085887919695013,0.003338713037279773,,,,,
global_mlp,ALVE,ALVE,26,0.018483129818894682,0.014470375142991543,0.29901989897534315,0.017629999948169144,,,,,
global_mlp,ALVHEIM,ALVHEIM,35,0.06247351875179678,0.04596707597374916,0.2404179983056955,0.052638901287506916,35.0,1.0386259266078708,0.7116185426712036,0.15186516045469065,0.22385660737699303
global_mlp,ATLA,ATLA,11,0.008042751155857284,0.006353720556944609,0.8903417324948871,0.007958076785764599,,,,,
global_mlp,BALDER,BALDER,56,0.0699406899546291,0.042815275490283966,0.3268446557389494,0.05734092849892544,56.0,0.8037388218507303,0.48842307925224304,0.4984503107600863,0.3296034764039604
global_mlp,BLANE,BLANE,16,0.0007988305842775731,0.000631022616289556,0.5532915115669508,0.000797795409044622,,,,,
global_mlp,BRAGE,BRAGE,67,0.035013744495252914,0.026394043117761612,0.4968877563633147,0.03282630063318328,55.0,1.434969789937986,0.9685084223747253,0.21188774450545486,0.3497108250471605
global_mlp,BYRDING,BYRDING,13,0.0012911915576053065,0.0012294943444430828,1.046408404130336,0.0012892752956383535,,,,,
global_mlp,BØYLA,BØYLA,21,0.007093128763146154,0.004897865001112223,0.19367939995393615,0.006916000557007997,,,,,
global_mlp,COD,COD,24,0.002792955683839352,0.0022638223599642515,0.14671058177281904,0.0027499513084520504,,,,,
global_mlp,DRAUGEN,DRAUGEN,64,0.016991767282058326,0.012406299822032452,0.1583849839716948,0.01579782207179772,62.0,0.8461958438781144,0.6367227435112,0.15500713163604396,0.18826215950453687
global_mlp,DUVA,DUVA,6,0.02493448147126503,0.019794801250100136,0.2553080529902747,0.023156581102904538,,,,,
global_mlp,DVALIN,DVALIN,4,0.06713945214945204,0.0596667118370533,0.323065222723786,0.05694539267299426,,,,,
global_mlp,EDDA,EDDA,20,0.0018824983867126621,0.0013824026100337505,0.12688050544686988,0.0018635327002522993,,,,,
global_mlp,EDVARD GRIEG,EDVARD GRIEG,19,0.08363294262009556,0.07180223613977432,0.363238888578809,0.06901994833581722,19.0,2.4396977420326578,2.3162715435028076,1.8632483708181562,1.1609672051924638
global_mlp,EKOFISK,EKOFISK,83,0.08132349676746842,0.048802174627780914,0.1331139418468929,0.06131485737236032,55.0,2.516455092810293,1.843969702720642,0.10623642662795305,0.19050342755125976
global_mlp,ELDFISK,ELDFISK,81,0.04247467368707758,0.028853541240096092,0.14600760605707816,0.03623383942632838,55.0,1.1526827038902676,0.8131517767906189,0.1298540627834534,0.1906240788787872
global_mlp,EMBLA,EMBLA,63,0.011026814486438382,0.00804932788014412,0.39428635070569884,0.010757634154626366,,,,,
global_mlp,ENOCH,ENOCH,17,0.0010153703424220532,0.0009118261514231563,0.8975802456168218,0.001014238759020321,,,,,
global_mlp,FLYNDRE,FLYNDRE,3,0.0009747957253747696,0.0007467467221431434,0.43635061670055797,0.0009729335077738002,,,,,
global_mlp,FRAM,FRAM,45,0.04801432992105379,0.0329003781080246,0.22402097968610107,0.04261928854880028,,,,,
global_mlp,FRAM H-NORD,FRAM H-NORD,4,0.002227485262040727,0.0020967742893844843,1.068439725979368,0.0022213733152281045,,,,,
global_mlp,FRIGG,FRIGG,37,0.03227563034118645,0.027890490368008614,0.55047846839345,0.030445134120018636,9.0,0.24359205795933658,0.1947762817144394,0.2989288381728385,0.1494653516096952
global_mlp,FRØY,FRØY,9,0.01442336733459102,0.010151185095310211,0.246925470630099,0.01389911129743743,,,,,
global_mlp,GAUPE,GAUPE,4,0.0024080581474261293,0.0022656654473394156,1.1783108259105601,0.0024030795089536516,,,,,
global_mlp,GIMLE,GIMLE,33,0.00238611562826535,0.002285672351717949,0.7403107230868353,0.002378385729204516,,,,,
global_mlp,GINA KROG,GINA KROG,15,0.06255511372152912,0.047566041350364685,0.2067669496292895,0.051948855583226664,12.0,2.1534911488000605,1.7309387922286987,1.0835754074573316,0.9070277383814368
global_mlp,GJØA,GJØA,30,0.02933525710389908,0.024127107113599777,0.1393371037564963,0.024762003316108682,30.0,0.6453026750015224,0.5631663203239441,0.15998474159964027,0.1465709831988783
global_mlp,GLITNE,GLITNE,21,0.0050443901385631785,0.004123950842767954,0.3416095816113049,0.004979543787529072,21.0,0.7557490462973202,0.6486247181892395,0.9729193700247569,0.453897798207907
global_mlp,GOLIAT,GOLIAT,17,0.023616234673145556,0.019100956618785858,0.1935657172240815,0.021503505157961133,18.0,0.26961166453819463,0.11135624349117279,1.3451309585275808,0.18299065662770492
global_mlp,GRANE,GRANE,47,0.05803273962658278,0.038031164556741714,0.27094488280347756,0.051196486290745975,47.0,1.099520745779485,0.8465648889541626,0.16566797146359563,0.19872131606677287
global_mlp,GUDRUN,GUDRUN,22,0.041468798991844885,0.028587087988853455,0.2593424141510732,0.037458312066800954,,,,,
global_mlp,GULLFAKS,GULLFAKS,81,0.037562011257279086,0.0294729545712471,0.19720398450950535,0.032173613143289585,55.0,3.474763211752217,2.781780481338501,0.12985177378523052,0.1529281910262958
global_mlp,GULLFAKS SØR,GULLFAKS SØR,56,0.1719751337274768,0.14536800980567932,0.2585442696406638,0.10931716805832115,,,,,
global_mlp,GUNGNE,GUNGNE,58,0.002674588164140586,0.0023892305325716734,0.26176024887279137,0.00265034946747309,,,,,
global_mlp,GYDA,GYDA,61,0.009232102922401012,0.008947182446718216,0.844878161878756,0.009135028009516153,42.0,0.28413486454945436,0.20094221830368042,0.24705786735771681,0.16775849471055482
global_mlp,HEIDRUN,HEIDRUN,62,0.0583383597219374,0.045453209429979324,0.12704041056366455,0.042900133626642314,62.0,1.2057565420955227,0.9661370515823364,0.07891335885036599,0.09516788999553731
global_mlp,HEIMDAL,HEIMDAL,53,0.01610037528828217,0.011621625162661076,0.5802424605621206,0.015599240632829532,50.0,1.2103462991050637,0.8767049908638,0.2320108501414487,0.33260515879919333
global_mlp,HOD,HOD,60,0.021243683628111236,0.015314437448978424,0.6328979132294313,0.02039252881986855,,,,,
global_mlp,HULDRA,HULDRA,22,0.01847695786862637,0.01621132902801037,0.5505821943078908,0.017853954384806105,14.0,0.5675977342530125,0.4384135603904724,0.3837411077143544,0.2786763806220865
global_mlp,HYME,HYME,5,0.005958157817829251,0.00496644526720047,0.24758678493758549,0.005839167484549809,,,,,
global_mlp,ISLAY,ISLAY,10,0.002032840638889457,0.0017268545925617218,1.5410047067069883,0.002029216887167535,,,,,
global_mlp,IVAR AASEN,IVAR AASEN,17,0.02767344728439737,0.0211159847676754,0.209773006214641,0.02519230755384242,,,,,
global_mlp,JETTE,JETTE,4,0.001426870799543606,0.0010942909866571426,0.284468979865875,0.001421459926347508,,,,,
global_mlp,JOHAN SVERDRUP,JOHAN SVERDRUP,10,0.3445292872850907,0.30305829644203186,0.0879527980075892,0.07746732706291751,10.0,0.5670346161739014,0.38763922452926636,1.872095299329738,0.4045057315602378
global_mlp,JOTUN,JOTUN,34,0.012185891443404711,0.01179454568773508,0.8324402778795784,0.012014517556163786,42.0,0.7677841880587171,0.49366360902786255,0.21865838472650517,0.3040554098237752
global_mlp,KNARR,KNARR,12,0.02254126273164293,0.015688277781009674,0.2593702904390164,0.02098347348507946,12.0,0.5393323361175774,0.42462316155433655,0.172788995195887,0.1654692756244571
global_mlp,KRISTIN,KRISTIN,36,0.029999975489132028,0.026369620114564896,0.31790300895336493,0.027505567537296913,40.0,1.121493384611744,0.8096017837524414,0.10326418371784676,0.15835930604452003
global_mlp,KVITEBJØRN,KVITEBJØRN,37,0.05899670247863434,0.044780731201171875,0.19397128638308536,0.04883760234538159,43.0,0.825565196549038,0.6450462341308594,0.12286559319053486,0.14985294960024703
global_mlp,LILLE-FRIGG,LILLE-FRIGG,12,0.012617536063332463,0.012227172963321209,1.9542419739285504,0.012529832560901157,,,,,
global_mlp,MARIA,MARIA,10,0.024032309394255612,0.01882830075919628,0.23534517592444654,0.02204509544550277,,,,,
global_mlp,MARTIN LINGE,MARTIN LINGE,7,0.03378368780078777,0.025148222222924232,0.11786076879439944,0.027867631072350633,7.0,0.1040441811177473,0.08739115297794342,0.22042775796400868,0.075573794147928
global_mlp,MARULK,MARULK,18,0.016549623458674972,0.01293114386498928,0.27371945378113127,0.015775265816024325,,,,,
global_mlp,MIKKEL,MIKKEL,43,0.025152209241350115,0.020397543907165527,0.22332337814544614,0.023048568382484803,,,,,
global_mlp,MORVIN,MORVIN,32,0.008489567840758645,0.007689506281167269,0.43511167107002224,0.008330800754928144,,,,,
global_mlp,MURCHISON,MURCHISON,57,0.0019336214189253614,0.0014854627661406994,0.3746538623348044,0.001926038795832953,18.0,6.070272595287918,5.845966339111328,1.6975846183127925,1.6166466107467758
global_mlp,NJORD,NJORD,34,0.0836343986177306,0.06602783501148224,0.5707709079273606,0.07372546561801556,39.0,1.3122914012265314,1.0527070760726929,0.25803200017002853,0.27578520709520044
global_mlp,NORDØST FRIGG,NORDØST FRIGG,13,0.018007682393321865,0.0151644516736269,0.4546330676230929,0.01742821270457859,,,,,
global_mlp,NORNE,NORNE,50,0.04451759488737211,0.035885512828826904,0.32739443485380537,0.03978451904076496,55.0,2.1816034680978578,1.6186975240707397,0.28903069801787945,0.5139792109689159
global_mlp,NOVA,NOVA,4,0.03798368831954953,0.033589888364076614,0.26730194746893426,0.03377760623373718,,,,,
global_mlp,ODA,ODA,12,0.0065009962909359596,0.004648228641599417,0.26722668629945057,0.006395947620188003,,,,,
global_mlp,ODIN,ODIN,15,0.04598539566144534,0.03525828197598457,0.3099658068679462,0.041448323447588024,,,,,
global_mlp,ORMEN LANGE,ORMEN LANGE,34,0.1462417436881662,0.10574501007795334,0.16714527147865346,0.08992863782165857,,,,,
global_mlp,OSEBERG,OSEBERG,79,0.26221417749423603,0.21235980093479156,0.2894108922490531,0.15075473265202943,55.0,3.9835954688951847,3.0596892833709717,0.12155220689140958,0.18297485953504397
global_mlp,OSEBERG SØR,OSEBERG SØR,53,0.03877286974708191,0.029149552807211876,0.20070162893120952,0.03399429160617353,53.0,0.9403172442594492,0.7008093595504761,0.1561358213649925,0.2278613628512093
global_mlp,OSEBERG ØST,OSEBERG ØST,54,0.012608287173626673,0.008984017185866833,0.43997392241263733,0.012271661020001908,54.0,0.6009721460139835,0.4982808530330658,0.272576317761422,0.22528802661972533
global_mlp,OSELVAR,OSELVAR,7,0.0010451380207089967,0.0007061938522383571,0.12862653892762377,0.0010401257461414798,,,,,
global_mlp,REV,REV,6,0.007397218098683291,0.0062077660113573074,0.7630383588599384,0.007334169453026287,,,,,
global_mlp,RINGHORNE ØST,RINGHORNE ØST,37,0.005999552618040076,0.004788556601852179,0.5007908559628335,0.00592726341058915,,,,,
global_mlp,SIGYN,SIGYN,42,0.004234370025057461,0.003338820533826947,0.3520625009043512,0.004184510300968704,,,,,
global_mlp,SINDRE,SINDRE,10,0.010921143497688466,0.00644014123827219,1.1013553748047806,0.010767515140558064,,,,,
global_mlp,SKARV,SKARV,25,0.14925742821443033,0.10342162102460861,0.20187313467112764,0.10799459815207885,25.0,2.248421963339139,1.660372257232666,0.19439990172384114,0.38428919334694467
global_mlp,SKIRNE,SKIRNE,34,0.008127320626181584,0.006442161276936531,0.43409922279142343,0.007988543185017554,,,,,
global_mlp,SKOGUL,SKOGUL,9,0.0021526764788199117,0.0016827966319397092,0.14348149703998928,0.002128032228156193,,,,,
global_mlp,SKULD,SKULD,16,0.00458554558211724,0.0034713950008153915,0.34491606012728154,0.0045423068824374194,,,,,
global_mlp,SLEIPNER VEST,SLEIPNER VEST,58,0.06726297489067559,0.05331239849328995,0.44905279017621447,0.05975778340689406,55.0,1.6626531516068581,1.2558228969573975,0.20774511752597874,0.27524908545355253
global_mlp,SLEIPNER ØST,SLEIPNER ØST,67,0.04598065884701305,0.04550018906593323,1.4380353908630228,0.044560212965478595,55.0,3.9807687034308894,2.8669042587280273,0.21816379360174182,0.33970933307273193
global_mlp,SNORRE,SNORRE,69,0.08232952284101355,0.05846898630261421,0.14944744903158597,0.06016544944789501,55.0,1.387652445486081,1.0653209686279297,0.10252177571619223,0.12622844151701113
global_mlp,SNØHVIT,SNØHVIT,30,0.25058375689894974,0.2275744378566742,0.5859087646154658,0.17930697905347612,,,,,
global_mlp,SOLVEIG,SOLVEIG,6,0.03097966262672614,0.023459741845726967,0.2410095876023951,0.02837110691146843,,,,,
global_mlp,STATFJORD,STATFJORD,83,0.05936825205705238,0.05031474679708481,0.3026284861681944,0.05100445770981327,55.0,2.77603053984759,2.229647159576416,0.12572044323825768,0.15569179138345549
global_mlp,STATFJORD NORD,STATFJORD NORD,59,0.013648815164611472,0.01007902529090643,0.2781695011971647,0.01313921086984885,,,,,
global_mlp,STATFJORD ØST,STATFJORD ØST,65,0.019172197875787687,0.011965353973209858,0.3711449439496914,0.01831737450492932,,,,,
global_mlp,SVALIN,SVALIN,22,0.015238145215000071,0.012712977826595306,0.4161068791732355,0.01475453423231888,,,,,
global_mlp,SYGNA,SYGNA,33,0.0038012887622169782,0.0028614208567887545,0.4923887443885115,0.003777796147160017,,,,,
global_mlp,TAMBAR,TAMBAR,37,0.017856470363057993,0.01044295635074377,0.6252310325620593,0.017328535518573156,,,,,
global_mlp,TOMMELITEN GAMMA,TOMMELITEN GAMMA,18,0.007315334753481759,0.00601267721503973,0.08261670341858109,0.006814485261413115,,,,,
global_mlp,TOR,TOR,71,0.02075571418787528,0.012224302627146244,0.2968000217305575,0.01978027057924893,,,,,
global_mlp,TORDIS,TORDIS,56,0.04006692306646033,0.02680926024913788,0.3071313882119935,0.03637708530774761,,,,,
global_mlp,TRESTAKK,TRESTAKK,8,0.022771350217355803,0.019249143078923225,0.36789913179007794,0.021650730659114423,,,,,
global_mlp,TROLL,TROLL,75,0.7729814899814305,0.6780081987380981,0.20618406478116075,0.18799541050501548,55.0,4.428024706515725,3.3962645530700684,0.18468568581292824,0.2626696902075069
global_mlp,TRYM,TRYM,9,0.014683196928055257,0.011909433640539646,0.8356806437249725,0.01445997018077303,,,,,
global_mlp,TUNE,TUNE,29,0.010782189692140622,0.007587468717247248,0.5199953835594313,0.010572796005930805,,,,,
global_mlp,TYRIHANS,TYRIHANS,30,0.03444178599816375,0.028592856600880623,0.08527217182390188,0.02583272954245509,,,,,
global_mlp,ULA,ULA,77,0.010716278356404395,0.007840248756110668,0.29574739347266416,0.010394303999781612,55.0,0.995774042021724,0.7441452145576477,0.1855359191073104,0.24958510210399348
global_mlp,URD,URD,27,0.006869192372534044,0.005647958256304264,0.35326314427305033,0.006746857014745656,,,,,
global_mlp,UTGARD,UTGARD,8,0.014395227547235953,0.010503672063350677,0.7590323651705564,0.014070556305852983,,,,,
global_mlp,VALE,VALE,26,0.010322710361932901,0.008364632725715637,0.3880899860870856,0.010080090169634978,,,,,
global_mlp,VALEMON,VALEMON,21,0.015087900250471927,0.01265791803598404,0.2932095565577815,0.01445139716105712,,,,,
global_mlp,VALHALL,VALHALL,73,0.04465709793354921,0.028409576043486595,0.15103034403084764,0.03837153629434614,28.0,2.1465271380593,1.6221033334732056,0.6698199703275003,0.7451552466278144
global_mlp,VARG,VARG,34,0.010696458408289332,0.00847802497446537,0.21943757848036277,0.010279575132974221,34.0,0.3319846962100299,0.25495031476020813,0.21490106997298727,0.14992142310831627
global_mlp,VEGA,VEGA,29,0.04523705488956646,0.039142705500125885,0.2282824472554257,0.03866846411204006,,,,,
global_mlp,VESLEFRIKK,VESLEFRIKK,64,0.014447032141187997,0.011382535099983215,0.302523473652513,0.013802496129832174,47.0,0.7239424523091398,0.5561719536781311,0.21594857725298203,0.23911016721845016
global_mlp,VEST EKOFISK,VEST EKOFISK,24,0.0033155993250896056,0.0026928801089525223,0.12686073209667695,0.003245782223882127,,,,,
global_mlp,VIGDIS,VIGDIS,51,0.025830333488514486,0.018518855795264244,0.23433306931992087,0.023847420574910357,,,,,
global_mlp,VILJE,VILJE,32,0.0041609366712888765,0.003150884062051773,0.2824044201649945,0.00411629152039398,,,,,
global_mlp,VISUND,VISUND,45,0.1169206919831374,0.08908502757549286,0.20874383235775776,0.08464645631699297,54.0,1.2850896476021694,0.9662830829620361,0.16651257910817005,0.19040043986691865
global_mlp,VISUND SØR,VISUND SØR,11,0.029518503091551046,0.027219928801059723,0.3162796434007194,0.02711815974847582,,,,,
global_mlp,VOLUND,VOLUND,29,0.006048754964888916,0.0047828396782279015,0.5309410247955277,0.005993626411598194,,,,,
global_mlp,VOLVE,VOLVE,15,0.023209714142593187,0.018082551658153534,0.3107754263326133,0.021857871818543363,13.0,0.7848720510651873,0.6718171238899231,0.3573096861180359,0.3071269146471407
global_mlp,YME,YME,11,0.04212532174552811,0.036844685673713684,0.42404347394690145,0.03859474248265742,9.0,0.7032186022020368,0.5518511533737183,0.3494069713271039,0.28890880612902226
global_mlp,YTTERGRYTA,YTTERGRYTA,6,0.019398256593082284,0.01660425215959549,0.44322268318482716,0.018574880001145603,,,,,
global_mlp,ÅSGARD,ÅSGARD,54,0.19394321152393287,0.15866447985172272,0.3121619033403095,0.13137692846767207,54.0,3.1552235662261165,2.379150152206421,0.12037884396068727,0.20342012434656084
global_mlp,ÆRFUGL NORD,ÆRFUGL NORD,6,0.016585189445007226,0.01519972737878561,1.513748572106472,0.016375143527578656,,,,,
global_mlp,ØST FRIGG,ØST FRIGG,17,0.03752222638029201,0.0321907103061676,0.9474382629930519,0.035959004851899255,,,,,
