model,epoch,train_loss,val_loss,stage
global_production_mlp,1,0.21845567812685107,0.17761108775933585,selection
global_production_mlp,2,0.11443985339070929,0.10965702434380849,selection
global_production_mlp,3,0.09886658301607507,0.09195156395435333,selection
global_production_mlp,4,0.09313157884801021,0.08255800704161326,selection
global_production_mlp,5,0.08829741558579147,0.075387375553449,selection
global_production_mlp,6,0.08667105937101802,0.0752095657090346,selection
global_production_mlp,7,0.08449507730661845,0.07361171469092369,selection
global_production_mlp,8,0.08428509124234075,0.07356242711345355,selection
global_production_mlp,9,0.08234980134446113,0.07135446965694428,selection
global_production_mlp,10,0.08043183740533766,0.069792390614748,selection
global_production_mlp,11,0.0792423505641398,0.06889632642269135,selection
global_production_mlp,12,0.08011479400953309,0.07108319078882536,selection
global_production_mlp,13,0.07930350334185068,0.06851325482130051,selection
global_production_mlp,14,0.07814316005736101,0.06804732109109561,selection
global_production_mlp,15,0.07730174742516924,0.06843069344758987,selection
global_production_mlp,16,0.0765175538473442,0.0672577386101087,selection
global_production_mlp,17,0.07675435027626694,0.076553093145291,selection
global_production_mlp,18,0.07734638073893844,0.0673722746471564,selection
global_production_mlp,19,0.07652052943823767,0.06744597777724266,selection
global_production_mlp,20,0.0757681640078787,0.0696081398675839,selection
global_production_mlp,21,0.07466738432890078,0.06700624289611976,selection
global_production_mlp,22,0.07504627816989774,0.0687183327972889,selection
global_production_mlp,23,0.07431822031980655,0.06795434032877286,selection
global_production_mlp,24,0.07369098677986959,0.06931495567162832,selection
global_production_mlp,25,0.0730083451652136,0.06830802249411742,selection
global_production_mlp,26,0.07510820098343443,0.07030322092274825,selection
global_production_mlp,27,0.07356936252508008,0.07132445760071278,selection
global_production_mlp,28,0.07253410422899684,0.06910408101975918,selection
global_production_mlp,29,0.07237669654556962,0.06918567245205244,selection
global_production_mlp,30,0.071464048423728,0.06879599454502265,selection
global_production_mlp,31,0.0712216037218688,0.07146062230070432,selection
global_production_mlp,32,0.07165358099536817,0.06862281585733096,selection
global_production_mlp,33,0.07175364760590382,0.07288873456418514,selection
global_production_mlp,34,0.0708759761125338,0.06948791804413,selection
global_production_mlp,35,0.0702069142802817,0.06990313281615575,selection
global_production_mlp,36,0.07076531837953896,0.07390574676295121,selection
global_production_mlp,37,0.07004059478640556,0.06974838748574257,selection
global_production_mlp,38,0.06927669231520324,0.07474890972177188,selection
global_production_mlp,39,0.0693331387687902,0.07288826952377955,selection
global_production_mlp,40,0.06880636421627685,0.07115888198216756,selection
global_production_mlp,41,0.06975569936339973,0.0766107477247715,selection
global_production_mlp,42,0.06926337269241692,0.07047714206079642,selection
global_production_mlp,43,0.06824002836327084,0.07218789445857207,selection
global_production_mlp,44,0.0676326825604087,0.07161805840830009,selection
global_production_mlp,45,0.06823451151369048,0.07479437217116355,selection
global_production_mlp,46,0.06818105048332058,0.07322327060004076,selection
global_production_mlp,47,0.06768843818639146,0.07580091928442319,selection
global_production_mlp,48,0.0681667873238931,0.07560121305286885,selection
global_production_mlp,49,0.06748948563806347,0.07513882778584957,selection
global_production_mlp,50,0.06843550124617874,0.07565390455226104,selection
global_production_mlp,51,0.06678745107816868,0.07665115483105182,selection
global_production_mlp,52,0.0659603987072335,0.07311159012218317,selection
global_production_mlp,53,0.06653113895263828,0.07105585597455502,selection
global_production_mlp,54,0.06594256293333944,0.07626369359592597,selection
global_production_mlp,55,0.06550811689163817,0.06908953761061033,selection
refit,1,0.2574992008783199,,refit
refit,2,0.10993732705160424,,refit
refit,3,0.09418250795131848,,refit
refit,4,0.08732861712758924,,refit
refit,5,0.08535479160922545,,refit
refit,6,0.08218534939267018,,refit
refit,7,0.0808067714082606,,refit
refit,8,0.079173690834899,,refit
refit,9,0.07794040349530584,,refit
refit,10,0.07754529318139877,,refit
refit,11,0.07653971352143052,,refit
refit,12,0.07659525801370173,,refit
refit,13,0.07593423555846568,,refit
refit,14,0.07522355673121817,,refit
refit,15,0.0741521306335926,,refit
refit,16,0.07378202980315243,,refit
refit,17,0.07358881325265508,,refit
refit,18,0.07323609881195021,,refit
refit,19,0.07295765332233758,,refit
refit,20,0.07332128681886343,,refit
refit,21,0.0720412710474597,,refit
