idx,field_key,field,field_dir,latest_data_month,latest_observed_production_month,months_total,months_with_production,months_with_consumption,months_with_remaining_reserves,production_scale_msm3oe,fuel_scale_msm3,reserve_scale_msm3oe,global_mlp_forecast_months,global_mlp_total_forecast_production_msm3oe,global_mlp_total_forecast_fuel_gas_msm3,global_mlp_final_remaining_reserves_msm3oe,global_mlp_months_clipped,fuel_forecast_method,fuel_is_inferred,field_level_fuel_expected,fuel_source_field,supplied_by_field_key,fuel_accounted_field_key,fuel_zero_from_month,future_power_source_class,future_transition_source_url,power_source_class,power_source_confidence,power_source_url
1,AASTA HANSTEEN,AASTA HANSTEEN,forecasting/fields/aasta-hansteen,2026-03,2026-03,88,87,88,88,0.827202,9.720791,54.972,300,13.726815008034464,259.36768370866776,0.0,0,reported_conditioned_mlp,False,yes,AASTA HANSTEEN,,AASTA HANSTEEN,,,,gas_turbine,high,https://www.havtil.no/tilsyn/tilsynsrapporter/2025/equinor-aasta-hansteen-teknisk-sikkerhet-og-prosessikkerhet/
2,ALBUSKJELL,ALBUSKJELL,forecasting/fields/albuskjell,2026-03,1998-07,483,151,0,256,0.14459,0.0,0.042,300,0.0,0.0,0.0,0,external_power_zero,False,no,Ekofisk Centre,EKOFISK,EKOFISK,,,,host_supplied_gas_power,high,
3,ALVE,ALVE,forecasting/fields/alve,2026-03,2026-03,205,200,0,205,0.174664,0.0,8.791039,300,2.2812280564103276,0.0,0.0,0,external_power_zero,False,no,Norne FPSO,NORNE,NORNE,,,,host_supplied_gas_power,high,
4,ALVHEIM,ALVHEIM,forecasting/fields/alvheim,2026-03,2026-03,214,214,214,214,0.574375,7.337839,34.488,300,12.908530989894643,405.04678612574935,0.0,0,reported_conditioned_mlp,False,yes,ALVHEIM,,ALVHEIM,,,,gas_turbine,high,https://cdn.selinc.com/assets/Literature/Publications/Technical%20Papers/6473_SimultaneousFaults_DH_20110317_Web.pdf?v=20180604-230233
5,ATLA,ATLA,forecasting/fields/atla,2026-03,2023-07,162,111,0,162,0.066262,0.0,1.682908,0,,,,0,excluded_shutdown,False,unknown,,,,,,,historical_or_unknown,not_assessed,
6,BALDER,BALDER,forecasting/fields/balder,2026-03,2026-03,419,323,318,256,0.650277,3.538872,37.904,300,22.822359778760074,122.66530256671831,0.0,0,reported_conditioned_mlp,False,yes,BALDER,,BALDER,,,,offshore_gas_diesel_generation,high,https://www.offshorenorge.no/contentassets/7a9efe0e38314d2fa311e25075ecf402/balder-omradet-2025.pdf
7,BAUGE,BAUGE,forecasting/fields/bauge,2026-03,2026-03,36,34,0,36,0.058216,0.0,7.649225,300,2.0622401735163294,0.0,0.2544320672750473,0,external_power_zero,False,no,Njord A,NJORD,NJORD,,,,host_supplied_gas_power,high,
8,BLANE,BLANE,forecasting/fields/blane,2026-03,2026-03,223,207,0,223,0.014674,0.0,0.873937,300,0.004666318256568047,0.0,0.0,0,external_power_zero,False,no,Ula,ULA,ULA,,,,host_supplied_gas_power,high,
9,BRAGE,BRAGE,forecasting/fields/brage,2026-03,2026-03,391,391,315,256,0.653241,7.657425,6.808,300,2.0093082739040256,84.97009217739105,0.0,0,reported_conditioned_mlp,False,yes,BRAGE,,BRAGE,,,,gas_turbine,high,https://www.okea.no/wp-content/uploads/2025/03/okea-asa-integrated-report-2024.pdf
10,BREIDABLIKK,BREIDABLIKK,forecasting/fields/breidablikk,2026-03,2026-03,30,29,0,30,0.411325,0.0,30.46,300,19.38545332796639,0.0,0.0,0,external_power_zero,False,no,Grane,GRANE,GRANE,,,,host_supplied_gas_power,high,
11,BRYNHILD,BRYNHILD,forecasting/fields/brynhild,2026-03,2018-02,136,37,0,136,0.038989,0.0,3.647,0,,,,0,excluded_shutdown,False,unknown,,,,,,,historical_or_unknown,not_assessed,
12,BYRDING,BYRDING,forecasting/fields/byrding,2026-03,2026-03,105,103,0,105,0.034978,0.0,1.614,300,0.03532906987078377,0.0,0.0,0,external_power_zero,False,no,Troll C,TROLL,TROLL,,,,host_supplied_shore_power,high,
13,BØYLA,BØYLA,forecasting/fields/byla,2026-03,2026-03,135,135,0,135,0.09199,0.0,3.59521,300,1.393294815254194,0.0,0.0,0,external_power_zero,False,no,Alvheim FPSO,ALVHEIM,ALVHEIM,,,,host_supplied_gas_power,high,
14,COD,COD,forecasting/fields/cod,2026-03,1998-07,483,151,0,256,0.062682,0.0,0.026,0,,,,0,excluded_shutdown,False,unknown,,,,,,,historical_or_unknown,not_assessed,
15,DRAUGEN,DRAUGEN,forecasting/fields/draugen,2026-03,2026-03,390,389,378,256,1.222128,5.779035,30.656,300,7.3336888996418566,286.8880090676248,0.0,0,reported_conditioned_mlp,False,yes,DRAUGEN,,DRAUGEN,,,,gas_turbine,high,https://okea.no/operations/draugen/
16,DUVA,DUVA,forecasting/fields/duva,2026-03,2026-03,56,56,0,56,0.172399,0.0,11.405489999999999,300,2.471660944604082,0.0,0.0,0,external_power_zero,False,no,Gjøa,GJØA,GJØA,,,,host_supplied_shore_power,high,
17,DVALIN,DVALIN,forecasting/fields/dvalin,2026-03,2026-03,65,36,0,65,0.287983,0.0,31.97,300,13.683503078362264,0.0,1.033583641052246,0,external_power_zero,False,no,Heidrun,HEIDRUN,HEIDRUN,,,,host_supplied_gas_power,high,
18,EDDA,EDDA,forecasting/fields/edda,2026-03,1998-07,483,144,0,256,0.029739,0.0,0.015,0,,,,0,excluded_shutdown,False,unknown,,,,,,,historical_or_unknown,not_assessed,
19,EDVARD GRIEG,EDVARD GRIEG,forecasting/fields/edvard-grieg,2026-03,2026-03,124,124,124,124,0.596098,8.720927,28.775,300,6.499299449380487,22.111627535836305,4.126205921173096,0,reported_conditioned_mlp,False,yes,EDVARD GRIEG,,EDVARD GRIEG,,,,power_from_shore,high,https://www.sodir.no/en/whats-new/publications/reports/power-from-shore/fields-with-power-to-shore/
20,EKOFISK,EKOFISK,forecasting/fields/ekofisk,2026-03,2026-03,483,483,315,256,1.958918,33.61667,242.827,300,16.86202879343182,1710.109397083521,0.0,0,reported_conditioned_mlp,False,yes,EKOFISK,,EKOFISK,,,,gas_turbine,high,https://www.offshorenorge.no/contentassets/39dda802fe004804bdfd32121e6a7c4b/ekofisk-2024.pdf
21,ELDFISK,ELDFISK,forecasting/fields/eldfisk,2026-03,2026-03,483,482,315,256,0.666422,11.258714,65.054,300,25.0126510001719,705.7688376009464,0.0,0,reported_conditioned_mlp,False,yes,ELDFISK,,ELDFISK,,,,gas_turbine_combined_cycle,high,https://www.offshorenorge.no/contentassets/39dda802fe004804bdfd32121e6a7c4b/eldfisk-2024.pdf
22,EMBLA,EMBLA,forecasting/fields/embla,2026-03,2026-03,395,393,0,256,0.201567,0.0,9.488,300,0.35304949490819126,0.0,0.0,0,external_power_zero,False,no,Eldfisk,ELDFISK,ELDFISK,,,,host_supplied_gas_power,high,https://static.conocophillips.com/files/resources/impact_assessment_eldfiskii_final.pdf
23,ENOCH,ENOCH,forecasting/fields/enoch,2026-03,2026-03,227,169,0,227,0.008823,0.0,0.472958,300,0.0013579153091995977,0.0,0.0,0,external_power_zero,False,no,Brae A,,,,,,host_supplied_gas_power,medium,
24,FENJA,FENJA,forecasting/fields/fenja,2026-03,2026-03,36,35,0,36,0.161675,0.0,10.578802000000001,300,4.406593452702509,0.0,0.0,0,external_power_zero,False,no,Njord A,NJORD,NJORD,,,,host_supplied_gas_power,high,
25,FLYNDRE,FLYNDRE,forecasting/fields/flyndre,2026-03,2026-03,109,68,0,109,0.00262,0.0,0.216677,0,,,,0,excluded_shutdown,False,unknown,,,,,,,historical_or_unknown,not_assessed,
26,FRAM,FRAM,forecasting/fields/fram,2026-03,2026-03,270,270,0,256,0.366158,0.0,26.121,300,20.108474608976394,0.0,0.0,0,external_power_zero,False,no,Troll C,TROLL,TROLL,,,,host_supplied_shore_power,high,
27,FRAM H-NORD,FRAM H-NORD,forecasting/fields/fram-h-nord,2026-03,2025-01,139,60,0,139,0.052321,0.0,1.657589,300,0.0,0.0,0.0,0,external_power_zero,False,no,Troll C,TROLL,TROLL,,,,host_supplied_shore_power,high,
28,FRIGG,FRIGG,forecasting/fields/frigg,2026-03,2004-10,483,226,58,256,1.076895,1.828028,0.031,0,,,,0,reported_conditioned_mlp,False,yes,FRIGG,,FRIGG,,,,gas_turbine,high,https://frigg.industriminne.no/wp-content/uploads/sites/3/2020/07/TCP2-Operations-Manual-Volume-1-General-platform-part-2.pdf
29,FRØY,FRØY,forecasting/fields/fry,2026-03,2001-05,371,73,0,256,0.206916,0.0,8.05,0,,,,0,excluded_shutdown,False,unknown,,,,,,,host_gas_turbine,high,https://frigg.industriminne.no/wp-content/uploads/sites/3/2020/07/TCP2-Operations-Manual-Volume-1-General-platform-part-2.pdf
30,GAUPE,GAUPE,forecasting/fields/gaupe,2026-03,2018-08,168,70,0,168,0.052366,0.0,4.977914,0,,,,0,excluded_shutdown,False,unknown,,,,,,,historical_or_unknown,not_assessed,
31,GIMLE,GIMLE,forecasting/fields/gimle,2026-03,2026-03,254,233,0,232,0.073156,0.0,4.356,300,0.1922780865461391,0.0,0.07996121793985367,0,external_power_zero,False,no,Gullfaks C,GULLFAKS,GULLFAKS,,,,host_supplied_gas_power,high,
32,GINA KROG,GINA KROG,forecasting/fields/gina-krog,2026-03,2026-03,106,106,88,106,0.40539,4.375297,34.759955,300,4.966980809345841,1.7520462172105908,0.0,0,reported_conditioned_mlp,False,yes,GINA KROG,,GINA KROG,,,,power_from_shore,high,https://www.sodir.no/en/whats-new/publications/reports/power-from-shore/fields-with-power-to-shore/
33,GJØA,GJØA,forecasting/fields/gja,2026-03,2026-03,185,185,185,185,0.855526,4.97262,55.384049,300,2.5965742940315977,170.04190108552575,0.0,0,reported_conditioned_mlp,False,yes,GJØA,,GJØA,,,,partial_power_from_shore,high,https://www.sodir.no/en/whats-new/publications/reports/power-from-shore/fields-with-power-to-shore/
34,GLITNE,GLITNE,forecasting/fields/glitne,2026-03,2013-02,296,139,139,256,0.212457,2.666881,1.688,0,,,,0,reported_conditioned_mlp,False,yes,GLITNE,,GLITNE,,,,gas_turbine,high,https://www.equinor.com/news/archive/2001/07/30/PetrojarlIOnGlitne
35,GOLIAT,GOLIAT,forecasting/fields/goliat,2026-03,2026-03,121,119,121,121,0.487768,3.498353,28.332819999999998,300,8.090374916755536,4.387665107060457,0.0,0,reported_conditioned_mlp,False,yes,GOLIAT,,GOLIAT,,,,power_from_shore,high,https://varenergi.no/no/nyheter-og-media/borsmeldinger/?release=48D118885268E2A0
36,GRANE,GRANE,forecasting/fields/grane,2026-03,2026-03,357,273,271,256,1.140672,9.654317,112.476,300,21.906352845486253,788.3268035836518,0.0,0,reported_conditioned_mlp,False,yes,GRANE,,GRANE,,,,gas_turbine,high,https://www.equinor.com/energy/electrification
37,GUDRUN,GUDRUN,forecasting/fields/gudrun,2026-03,2026-03,144,144,0,144,0.558589,0.0,28.842460000000003,300,5.8316734050167724,0.0,0.9592883288860321,0,external_power_zero,False,no,Sleipner A,SLEIPNER ØST,SLEIPNER ØST,,,,power_from_shore,high,https://www.sodir.no/en/whats-new/publications/reports/power-from-shore/fields-with-power-to-shore/
38,GULLFAKS,GULLFAKS,forecasting/fields/gullfaks,2026-03,2026-03,472,472,315,256,3.054695,38.509356,39.404,300,7.792840234469622,1328.1691496372223,0.0,0,reported_conditioned_mlp,False,yes,GULLFAKS,,GULLFAKS,,,,hybrid_offshore_wind_gas_turbines,high,https://www.sodir.no/en/whats-new/publications/reports/power-from-shore/emissions-to-air/
39,GULLFAKS SØR,GULLFAKS SØR,forecasting/fields/gullfaks-sr,2026-03,2026-03,330,330,0,256,0.870578,0.0,72.617,300,21.2527535893023,0.0,0.0,0,external_power_zero,False,no,Gullfaks A and C,GULLFAKS,GULLFAKS,,,,host_supplied_gas_power,high,
40,GUNGNE,GUNGNE,forecasting/fields/gungne,2026-03,2026-03,355,353,0,256,0.090242,0.0,14.099,300,0.17196344723924994,0.0,0.0,0,external_power_zero,False,no,Sleipner A,SLEIPNER ØST,SLEIPNER ØST,,,,host_supplied_shore_power,high,
41,GYDA,GYDA,forecasting/fields/gyda,2026-03,2020-08,430,358,243,256,0.50475,3.1541,5.919,0,,,,0,reported_conditioned_mlp,False,yes,GYDA,,GYDA,,,,gas_turbine,high,https://energiledelse.offshorenorge.no/en/Tiltaksliste/Articles/Tiltak41
42,HALTEN ØST,HALTEN ØST,forecasting/fields/halten-st,2026-03,2026-03,13,13,0,13,0.376178,0.0,15.400675999999999,300,9.85336228623055,0.0,0.0,0,external_power_zero,False,no,Åsgard B,ÅSGARD,ÅSGARD,,,,host_supplied_gas_power,medium,
43,HANZ,HANZ,forecasting/fields/hanz,2026-03,2026-03,24,24,0,24,0.075046,0.0,3.258219,300,0.015165264368988574,0.0,0.0,0,external_power_zero,False,no,Ivar Aasen,IVAR AASEN,EDVARD GRIEG,,,,host_supplied_shore_power,high,https://www.sodir.no/en/whats-new/publications/reports/power-from-shore/fields-with-power-to-shore/
44,HEIDRUN,HEIDRUN,forecasting/fields/heidrun,2026-03,2026-03,366,366,366,256,2.159197,14.818908,113.521,300,46.918752666853834,1371.2867750823498,0.0,0,reported_conditioned_mlp,False,yes,HEIDRUN,,HEIDRUN,,,,gas_turbine,high,https://www.offshorenorge.no/contentassets/7a9efe0e38314d2fa311e25075ecf402/heidrun-2025.pdf
45,HEIMDAL,HEIMDAL,forecasting/fields/heimdal,2026-03,2023-11,482,345,284,256,0.479591,7.57938,3.357,0,,,,0,reported_conditioned_mlp,False,yes,HEIMDAL,,HEIMDAL,,,,gas_turbine,high,https://www.rein-energy.com/process-facilities
46,HOD,HOD,forecasting/fields/hod,2026-03,2026-03,426,411,0,256,0.188314,0.0,6.86,300,2.706082346965559,0.0,0.0,0,external_power_zero,False,no,Valhall,VALHALL,VALHALL,,,,power_from_shore,high,https://www.sodir.no/en/whats-new/publications/reports/power-from-shore/fields-with-power-to-shore/
47,HULDRA,HULDRA,forecasting/fields/huldra,2026-03,2014-10,293,155,91,256,0.44436,2.889731,6.333,0,,,,0,reported_conditioned_mlp,False,yes,HULDRA,,HULDRA,,,,diesel_generation,high,https://www.regjeringen.no/no/dokumenter/stprp-nr-8-1998-99-/id202222/?ch=2
48,HYME,HYME,forecasting/fields/hyme,2026-03,2026-03,157,64,0,157,0.10426,0.0,4.132,300,0.8132451302753907,0.0,0.0,0,external_power_zero,False,no,Njord A,NJORD,NJORD,,,,host_supplied_gas_power,high,
49,ISLAY,ISLAY,forecasting/fields/islay,2026-03,2024-01,168,131,0,168,0.004581,0.0,0.142314,300,0.0,0.0,0.0,0,external_power_zero,False,no,Alwyn North,,,,,,host_supplied_gas_power,medium,
50,IVAR AASEN,IVAR AASEN,forecasting/fields/ivar-aasen,2026-03,2026-03,112,112,0,112,0.35966,0.0,29.223,300,5.61279359809123,0.0,1.1347396969795227,0,external_power_zero,False,no,Edvard Grieg,EDVARD GRIEG,EDVARD GRIEG,,,,power_from_shore,high,https://www.sodir.no/en/whats-new/publications/reports/power-from-shore/fields-with-power-to-shore/
51,JETTE,JETTE,forecasting/fields/jette,2026-03,2016-12,155,44,0,155,0.051334,0.0,1.647173,0,,,,0,excluded_shutdown,False,unknown,,,,,,,historical_or_unknown,not_assessed,
52,JOHAN CASTBERG,JOHAN CASTBERG,forecasting/fields/johan-castberg,2026-03,2026-03,13,13,13,13,1.042745,8.650887,88.969111,300,72.92666447348893,92.76761754172912,5.006426095962524,0,reported_conditioned_mlp,False,yes,JOHAN CASTBERG,,JOHAN CASTBERG,,,,gas_turbine,high,https://www.regjeringen.no/no/dokumenter/prop.-80-s-20172018/id2596504/?ch=3
53,JOHAN SVERDRUP,JOHAN SVERDRUP,forecasting/fields/johan-sverdrup,2026-03,2026-03,78,78,78,78,3.88748,0.927194,424.877592,300,172.66066552558914,83.29067417013357,0.0,0,reported_conditioned_mlp,False,yes,JOHAN SVERDRUP,,JOHAN SVERDRUP,,,,power_from_shore,high,https://www.equinor.com/news/20250701-developing-johan-sverdrup
54,JOTUN,JOTUN,forecasting/fields/jotun,2026-03,2016-12,318,207,262,256,0.725128,5.000131,6.042,0,,,,0,reported_conditioned_mlp,False,yes,JOTUN,,JOTUN,,,,gas_turbine,high,https://www.offshorenorge.no/contentassets/7a9efe0e38314d2fa311e25075ecf402/balder-omradet-2025.pdf
55,KNARR,KNARR,forecasting/fields/knarr,2026-03,2022-12,131,86,85,131,0.368384,4.535774,13.283889,0,,,,0,reported_conditioned_mlp,False,yes,KNARR,,KNARR,,,,gas_turbine,high,https://www.sintef.no/globalassets/project/hfc/documents/2016_352_rapport.pdf
56,KRISTIN,KRISTIN,forecasting/fields/kristin,2026-03,2026-03,245,243,245,245,1.134828,12.305637,95.854,300,10.063056234095711,856.8123936355114,0.20537789911031723,0,reported_conditioned_mlp,False,yes,KRISTIN,,KRISTIN,,,,gas_turbine,high,https://cdn.equinor.com/files/h61q9gi9/global/7dee85d253fbe25b67bf6d07d737414adba12b64.pdf?pud-kristin-konsekvensutredning-del-2-mai-2001-equinor.pdf=
57,KVITEBJØRN,KVITEBJØRN,forecasting/fields/kvitebjrn,2026-03,2026-03,258,247,258,256,1.081687,8.546775,88.745,300,8.791511106450344,330.6014180481434,0.0,0,reported_conditioned_mlp,False,yes,KVITEBJØRN,,KVITEBJØRN,,,,gas_turbine,high,https://www.offshorenorge.no/contentassets/6e0039e7cdfa4d48a4a719f8db8973a7/kvitebjorn-2021.pdf
58,LILLE-FRIGG,LILLE-FRIGG,forecasting/fields/lille-frigg,2026-03,2001-05,383,85,0,256,0.168955,0.0,2.999,0,,,,0,excluded_shutdown,False,unknown,,,,,,,historical_or_unknown,not_assessed,
59,MARIA,MARIA,forecasting/fields/maria,2026-03,2026-03,99,94,0,99,0.152316,0.0,32.842714,300,7.406660938104324,0.0,0.0,0,external_power_zero,False,no,Kristin,KRISTIN,KRISTIN,,,,host_supplied_gas_power,high,
60,MARTIN LINGE,MARTIN LINGE,forecasting/fields/martin-linge,2026-03,2026-03,58,58,58,58,0.469365,0.607952,41.604096,300,12.23692386665789,40.02383561851457,0.0,0,reported_conditioned_mlp,False,yes,MARTIN LINGE,,MARTIN LINGE,,,,power_from_shore,high,https://factpages.sodir.no/en/field/PageView/Producing/21675447
61,MARULK,MARULK,forecasting/fields/marulk,2026-03,2026-03,168,155,0,168,0.165112,0.0,11.675321,300,2.0729056544805644,0.0,0.0,0,external_power_zero,False,no,Norne FPSO,NORNE,NORNE,,,,host_supplied_gas_power,high,
62,MIKKEL,MIKKEL,forecasting/fields/mikkel,2026-03,2026-03,272,270,0,256,0.331033,0.0,37.985,300,2.363567281397991,0.0,0.0,0,external_power_zero,False,no,Åsgard B,ÅSGARD,ÅSGARD,,,,host_supplied_gas_power,high,
63,MIME,MIME,forecasting/fields/mime,2026-03,1993-11,426,38,0,256,0.021491,0.0,0.017,0,,,,0,excluded_shutdown,False,unknown,,,,,,,historical_or_unknown,not_assessed,
64,MORVIN,MORVIN,forecasting/fields/morvin,2026-03,2026-03,225,189,0,208,0.26076,0.0,13.759,300,0.14947352360468358,0.0,0.0,0,external_power_zero,False,no,Åsgard B,ÅSGARD,ÅSGARD,,,,host_supplied_gas_power,high,
65,MURCHISON,MURCHISON,forecasting/fields/murchison,2026-03,2014-02,483,338,124,256,0.130375,15.596166,1.089,0,,,,0,reported_conditioned_mlp,False,yes,MURCHISON,,MURCHISON,,,,gas_turbine,medium,https://assets.publishing.service.gov.uk/government/uploads/system/uploads/attachment_data/file/340730/MURCHISON_-_DP.pdf
66,NJORD,NJORD,forecasting/fields/njord,2026-03,2026-03,342,251,238,256,0.449787,7.795877,26.101,300,12.593395232863259,74.61579728126526,0.0,0,reported_conditioned_mlp,False,yes,NJORD,,NJORD,2027-04,power_from_shore,https://www.equinor.com/news/20221215-njord-electrification,gas_turbine,high,https://www.equinor.com/news/20221215-njord-electrification
67,NORDØST FRIGG,NORDØST FRIGG,forecasting/fields/nordst-frigg,2026-03,1993-08,483,92,0,256,0.23516,0.0,0.103,0,,,,0,excluded_shutdown,False,unknown,,,,,,,historical_or_unknown,not_assessed,
68,NORNE,NORNE,forecasting/fields/norne,2026-03,2026-03,341,336,315,256,1.190114,15.223541,40.15,300,0.8517836192622781,331.5370845347643,0.0,0,reported_conditioned_mlp,False,yes,NORNE,,NORNE,,,,gas_turbine,high,https://www.offshorenorge.no/contentassets/39dda802fe004804bdfd32121e6a7c4b/norne-2024.pdf
69,NOVA,NOVA,forecasting/fields/nova,2026-03,2026-03,43,43,0,43,0.180225,0.0,14.628992,300,4.009934564353898,0.0,0.0,0,external_power_zero,False,no,Gjøa,GJØA,GJØA,,,,host_supplied_shore_power,high,
70,ODA,ODA,forecasting/fields/oda,2026-03,2026-03,85,84,0,85,0.161602,0.0,5.2412849999999995,300,0.04323793450748781,0.0,0.0,0,external_power_zero,False,no,Ula,ULA,ULA,,,,host_supplied_gas_power,high,
71,ODIN,ODIN,forecasting/fields/odin,2026-03,1994-08,483,104,0,256,0.386462,0.0,0.026,0,,,,0,excluded_shutdown,False,unknown,,,,,,,historical_or_unknown,not_assessed,
72,ORMEN LANGE,ORMEN LANGE,forecasting/fields/ormen-lange,2026-03,2026-03,223,222,0,223,2.293787,0.0,420.427,300,48.654951912816614,0.0,0.0,0,external_power_zero,False,no,Nyhamna,,,,,,power_from_shore,high,
73,OSEBERG,OSEBERG,forecasting/fields/oseberg,2026-03,2026-03,475,470,315,256,2.509243,36.96198,121.623,300,62.43630118854344,499.29629707336426,0.0,0,reported_conditioned_mlp,False,yes,OSEBERG,,OSEBERG,2028-01,power_from_shore,https://www.equinor.com/energy/electrification,gas_turbine,high,https://www.equinor.com/energy/electrification
74,OSEBERG SØR,OSEBERG SØR,forecasting/fields/oseberg-sr,2026-03,2026-03,314,314,308,256,0.555776,8.16341,46.605,300,18.972669484006474,103.02709484100342,0.0,0,reported_conditioned_mlp,False,yes,OSEBERG SØR,,OSEBERG SØR,2028-01,power_from_shore,https://www.equinor.com/energy/electrification,gas_turbine,high,https://www.equinor.com/energy/electrification
75,OSEBERG ØST,OSEBERG ØST,forecasting/fields/oseberg-st,2026-03,2026-03,323,323,315,256,0.349517,3.186767,16.493,300,0.114143633749336,17.96573607623577,0.0,0,reported_conditioned_mlp,False,yes,OSEBERG ØST,,OSEBERG ØST,,,,gas_turbine,high,https://cdn.equinor.com/files/h61q9gi9/global/ac288e1aefb656a72c3490096c77bbc248db5a9f.pdf?equinor-konsekvensutredning-oseberg-ost.pdf=
76,OSELVAR,OSELVAR,forecasting/fields/oselvar,2026-03,2018-04,168,69,0,168,0.031512,0.0,8.437403,0,,,,0,excluded_shutdown,False,unknown,,,,,,,historical_or_unknown,not_assessed,
77,REV,REV,forecasting/fields/rev,2026-03,2025-06,207,107,0,207,0.165146,0.0,6.173062,300,0.004605359979905188,0.0,0.0,0,external_power_zero,False,no,Armada,,,,,,host_supplied_gas_power,high,
78,RINGHORNE ØST,RINGHORNE ØST,forecasting/fields/ringhorne-st,2026-03,2026-03,241,235,0,241,0.18803,0.0,8.583,300,0.5962868911528858,0.0,0.0,0,external_power_zero,False,no,Balder,BALDER,BALDER,,,,host_supplied_gas_power,high,
79,SIGYN,SIGYN,forecasting/fields/sigyn,2026-03,2026-03,279,277,0,256,0.248486,0.0,11.338,300,0.8549039602949051,0.0,0.0,0,external_power_zero,False,no,Sleipner A,SLEIPNER ØST,SLEIPNER ØST,,,,host_supplied_shore_power,high,
80,SINDRE,SINDRE,forecasting/fields/sindre,2026-03,2026-03,107,71,0,100,0.031356,0.0,0.445,300,0.0,0.0,0.0,0,external_power_zero,False,no,Gullfaks C,GULLFAKS,GULLFAKS,,,,host_supplied_gas_power,high,
81,SKARV,SKARV,forecasting/fields/skarv,2026-03,2026-03,159,159,159,159,0.830733,16.399695,74.547,300,18.309571158140898,440.9230877831578,0.0,0,reported_conditioned_mlp,False,yes,SKARV,,SKARV,,,,gas_turbine,high,https://akerbp.com/wp-content/uploads/2025/06/2024-aker-bp-cdp-2024-climate-change-questionnaire.pdf
82,SKIRNE,SKIRNE,forecasting/fields/skirne,2026-03,2022-11,265,214,0,256,0.172944,0.0,7.392,0,,,,0,excluded_shutdown,False,unknown,,,,,,,historical_or_unknown,not_assessed,
83,SKOGUL,SKOGUL,forecasting/fields/skogul,2026-03,2026-03,73,73,0,73,0.072135,0.0,1.51043,300,0.3543490106894751,0.0,0.0,0,external_power_zero,False,no,Alvheim FPSO,ALVHEIM,ALVHEIM,,,,host_supplied_gas_power,high,
84,SKULD,SKULD,forecasting/fields/skuld,2026-03,2025-02,157,123,0,157,0.134548,0.0,14.156838,300,0.8809377690940892,0.0,0.0,0,external_power_zero,False,no,Norne FPSO,NORNE,NORNE,,,,host_supplied_gas_power,high,
85,SLEIPNER VEST,SLEIPNER VEST,forecasting/fields/sleipner-vest,2026-03,2026-03,355,354,315,256,0.915015,11.902684,131.002,300,5.306597028327815,313.8820755928755,0.0,0,reported_conditioned_mlp,False,yes,SLEIPNER VEST,,SLEIPNER VEST,,,,partial_power_from_shore,high,https://www.equinor.com/news/20240404-reducing-emissions-from-sleipner-and-gudrun
86,SLEIPNER ØST,SLEIPNER ØST,forecasting/fields/sleipner-st,2026-03,2026-03,391,391,315,256,1.757123,23.270686,2.571,300,0.0014928781311027706,447.9025787153514,0.0,0,reported_conditioned_mlp,False,yes,SLEIPNER ØST,,SLEIPNER ØST,,,,hybrid_shore_power_gas_turbine,high,https://www.sodir.no/en/whats-new/publications/reports/power-from-shore/fields-with-power-to-shore/
87,SNORRE,SNORRE,forecasting/fields/snorre,2026-03,2026-03,404,404,315,256,1.530111,15.268476,115.769,300,57.40950118750334,1404.933884844184,0.0,0,reported_conditioned_mlp,False,yes,SNORRE,,SNORRE,,,,hybrid_wind_gas,high,https://www.equinor.com/energy/hywind-tampen
88,SNØHVIT,SNØHVIT,forecasting/fields/snhvit,2026-03,2026-03,224,217,0,224,0.697593,0.0,237.489,300,115.87689972727094,0.0,0.0,0,external_power_zero,False,no,Melkøya LNG,,,,,,host_supplied_gas_power,high,
89,SOLVEIG,SOLVEIG,forecasting/fields/solveig,2026-03,2026-03,55,54,0,55,0.164413,0.0,15.776,300,9.701314528398143,0.0,0.0,0,external_power_zero,False,no,Edvard Grieg,EDVARD GRIEG,EDVARD GRIEG,,,,host_supplied_shore_power,high,
90,STATFJORD,STATFJORD,forecasting/fields/statfjord,2026-03,2026-03,483,483,315,256,3.834208,39.576603,67.566,300,8.109862270299345,1359.028909549117,0.0,0,reported_conditioned_mlp,False,yes,STATFJORD,,STATFJORD,,,,gas_turbine,high,https://www.offshorenorge.no/contentassets/39dda802fe004804bdfd32121e6a7c4b/statfjordfeltet-2024.pdf
91,STATFJORD NORD,STATFJORD NORD,forecasting/fields/statfjord-nord,2026-03,2026-03,375,369,0,256,0.425987,0.0,10.876,300,2.6234716719482094,0.0,0.0,0,external_power_zero,False,no,Statfjord C,STATFJORD,STATFJORD,,,,host_supplied_gas_power,high,
92,STATFJORD ØST,STATFJORD ØST,forecasting/fields/statfjord-st,2026-03,2026-03,379,379,0,256,0.45765,0.0,8.492,300,1.9345306152827106,0.0,0.0,0,external_power_zero,False,no,Statfjord C,STATFJORD,STATFJORD,,,,host_supplied_gas_power,high,
93,SVALIN,SVALIN,forecasting/fields/svalin,2026-03,2026-03,145,145,0,145,0.188756,0.0,12.281776,300,1.6645437859660888,0.0,0.0,0,external_power_zero,False,no,Grane,GRANE,GRANE,,,,host_supplied_gas_power,high,
94,SYGNA,SYGNA,forecasting/fields/sygna,2026-03,2026-03,308,280,0,256,0.226056,0.0,3.85,300,0.13633910007501981,0.0,0.0,0,external_power_zero,False,no,Statfjord C,STATFJORD,STATFJORD,,,,host_supplied_gas_power,high,
95,TAMBAR,TAMBAR,forecasting/fields/tambar,2026-03,2026-03,297,289,0,256,0.169939,0.0,6.132,300,0.2640742255025543,0.0,0.0,0,external_power_zero,False,no,Ula,ULA,ULA,,,,host_supplied_gas_power,high,https://akerbp.com/wp-content/uploads/2025/06/2024-aker-bp-cdp-2024-climate-change-questionnaire.pdf
96,TOMMELITEN A,TOMMELITEN A,forecasting/fields/tommeliten-a,2026-03,2026-03,30,30,0,30,0.283638,0.0,25.73,300,14.506822906703746,0.0,0.0,0,external_power_zero,False,no,Ekofisk Complex,EKOFISK,EKOFISK,,,,host_supplied_gas_power,high,
97,TOMMELITEN GAMMA,TOMMELITEN GAMMA,forecasting/fields/tommeliten-gamma,2026-03,1998-07,450,118,0,256,0.207647,0.0,0.0,300,0.0,0.0,0.0,0,external_power_zero,False,no,Ekofisk Centre,EKOFISK,EKOFISK,,,,host_supplied_gas_power,high,
98,TOR,TOR,forecasting/fields/tor,2026-03,2026-03,483,424,192,256,0.132415,0.787797,10.825,300,1.59174119119416,0.0,0.0,0,external_power_zero,False,no,Ekofisk,EKOFISK,EKOFISK,,,,host_supplied_gas_power,high,https://factpages.sodir.no/en/field/PageView/All/43520
99,TORDIS,TORDIS,forecasting/fields/tordis,2026-03,2026-03,382,372,0,256,0.531623,0.0,20.058,300,4.1477306329179555,0.0,0.0,0,external_power_zero,False,no,Gullfaks C,GULLFAKS,GULLFAKS,,,,host_supplied_gas_power,high,
100,TRESTAKK,TRESTAKK,forecasting/fields/trestakk,2026-03,2026-03,81,78,0,81,0.125844,0.0,12.38282,300,4.17544928838015,0.0,0.0,0,external_power_zero,False,no,Åsgard A,ÅSGARD,ÅSGARD,,,,host_supplied_gas_power,high,
101,TROLL,TROLL,forecasting/fields/troll,2026-03,2026-03,435,435,315,256,4.990648,27.663009,1261.337,300,508.82778227329254,1813.2385821640491,0.0,0,reported_conditioned_mlp,False,yes,TROLL,,TROLL,,,,power_from_shore_mixed,high,https://factpages.sodir.no/en/field/PageView/All/46437
102,TRYM,TRYM,forecasting/fields/trym,2026-03,2026-03,182,117,0,182,0.102404,0.0,5.717961,300,0.30281025992007926,0.0,0.0,0,external_power_zero,False,no,Harald,,,,,,host_supplied_gas_power,high,
103,TUNE,TUNE,forecasting/fields/tune,2026-03,2026-03,281,235,0,256,0.530618,0.0,17.522,300,0.01217000000178814,0.0,0.0,0,external_power_zero,False,no,Oseberg,OSEBERG,OSEBERG,,,,host_supplied_gas_power,high,
104,TYRIHANS,TYRIHANS,forecasting/fields/tyrihans,2026-03,2026-03,225,200,0,225,0.59072,0.0,77.795,300,16.266236433948507,0.0,0.0,0,external_power_zero,False,no,Kristin,KRISTIN,KRISTIN,,,,host_supplied_gas_power,high,
105,TYRVING,TYRVING,forecasting/fields/tyrving,2026-03,2026-03,19,19,0,19,0.169074,0.0,4.467004,300,3.008910640150134,0.0,0.0,0,external_power_zero,False,no,Alvheim FPSO,ALVHEIM,ALVHEIM,,,,host_supplied_gas_power,high,
106,ULA,ULA,forecasting/fields/ula,2026-03,2026-03,474,472,315,256,0.803043,7.013969,23.565,300,0.2575949188321829,58.08067872002721,0.0,0,reported_conditioned_mlp,False,yes,ULA,,ULA,,,,gas_turbine,high,https://akerbp.com/wp-content/uploads/2025/06/annual-report-2024.pdf
107,URD,URD,forecasting/fields/urd,2026-03,2026-03,245,234,0,245,0.222887,0.0,11.274,300,0.5645279940845285,0.0,0.0,0,external_power_zero,False,no,Norne FPSO,NORNE,NORNE,,,,host_supplied_gas_power,high,
108,UTGARD,UTGARD,forecasting/fields/utgard,2026-03,2026-03,79,78,0,79,0.130994,0.0,4.528508,300,0.22076421798192314,0.0,0.0,0,external_power_zero,False,no,Sleipner T,SLEIPNER ØST,SLEIPNER ØST,,,,host_supplied_shore_power,high,
109,VALE,VALE,forecasting/fields/vale,2026-03,2023-11,286,212,0,256,0.067566,0.0,3.598,0,,,,0,excluded_shutdown,False,unknown,,,,,,,historical_or_unknown,not_assessed,
110,VALEMON,VALEMON,forecasting/fields/valemon,2026-03,2026-03,135,135,0,135,0.389223,0.0,30.310273,300,0.9118408954236656,0.0,0.0,0,external_power_zero,False,no,Kvitebjørn,KVITEBJØRN,KVITEBJØRN,,,,host_supplied_gas_power,high,https://www.offshorenorge.no/contentassets/7a9efe0e38314d2fa311e25075ecf402/resten/kvitebjorn-2025.pdf
111,VALHALL,VALHALL,forecasting/fields/valhall,2026-03,2026-03,483,474,163,256,0.597984,9.733885,103.264,300,29.09694773517549,771.5711631067097,0.0,0,reported_conditioned_mlp,False,yes,VALHALL,,VALHALL,,,,power_from_shore,high,https://www.sodir.no/en/whats-new/publications/reports/power-from-shore/fields-with-power-to-shore/
112,VARG,VARG,forecasting/fields/varg,2026-03,2016-06,328,211,199,256,0.210982,1.864655,5.355,0,,,,0,reported_conditioned_mlp,False,yes,VARG,,VARG,,,,gas_diesel_engine_generation,high,https://www.offshorenorge.no/contentassets/75083ada93904f22b979248850ddcd32/varg.pdf
113,VEGA,VEGA,forecasting/fields/vega,2026-03,2026-03,184,184,0,184,0.401894,0.0,25.15,300,4.700941138427879,0.0,0.0,0,external_power_zero,False,no,Gjøa,GJØA,GJØA,,,,host_supplied_shore_power,high,
114,VERDANDE,VERDANDE,forecasting/fields/verdande,2026-03,2026-03,4,4,0,4,0.22705,0.0,6.853,300,5.416581755853258,0.0,0.0,0,external_power_zero,False,no,Norne FPSO,NORNE,NORNE,,,,host_supplied_gas_power,high,
115,VESLEFRIKK,VESLEFRIKK,forecasting/fields/veslefrikk,2026-03,2025-04,435,390,267,256,0.490341,5.32608,11.425,0,,,,0,reported_conditioned_mlp,False,yes,VESLEFRIKK,,VESLEFRIKK,,,,gas_turbine,high,https://www.offshorenorge.no/contentassets/f536b0771bb64696aa0f09365a19d7da/veslefrikk-2021.pdf
116,VEST EKOFISK,VEST EKOFISK,forecasting/fields/vest-ekofisk,2026-03,1998-07,483,151,0,256,0.186893,0.0,0.013,300,0.0,0.0,0.0,0,external_power_zero,False,no,Ekofisk Centre,EKOFISK,EKOFISK,,,,host_supplied_gas_power,high,
117,VIGDIS,VIGDIS,forecasting/fields/vigdis,2026-03,2026-03,351,345,0,256,0.513904,0.0,25.439,300,4.8939056468661875,0.0,0.0,0,external_power_zero,False,no,Snorre A,SNORRE,SNORRE,,,,host_supplied_gas_power,high,
118,VILJE,VILJE,forecasting/fields/vilje,2026-03,2026-03,212,209,0,212,0.179303,0.0,8.641453,300,0.5630202470783843,0.0,0.0,0,external_power_zero,False,no,Alvheim FPSO,ALVHEIM,ALVHEIM,,,,host_supplied_gas_power,high,
119,VISUND,VISUND,forecasting/fields/visund,2026-03,2026-03,323,314,315,256,0.656433,12.234135,80.828,300,20.407860757084563,148.119252063334,0.0,0,reported_conditioned_mlp,False,yes,VISUND,,VISUND,,,,gas_turbine,high,https://hoering.miljodirektoratet.no/LastNedVedlegg/9267
120,VISUND SØR,VISUND SØR,forecasting/fields/visund-sr,2026-03,2026-03,161,111,0,161,0.165478,0.0,15.63299,300,0.9955316064224462,0.0,0.0,0,external_power_zero,False,no,Gullfaks C,GULLFAKS,GULLFAKS,,,,host_supplied_gas_power,high,
121,VOLUND,VOLUND,forecasting/fields/volund,2026-03,2026-03,199,188,0,199,0.195374,0.0,8.015,300,0.47968543040769873,0.0,0.0,0,external_power_zero,False,no,Alvheim FPSO,ALVHEIM,ALVHEIM,,,,host_supplied_gas_power,high,
122,VOLVE,VOLVE,forecasting/fields/volve,2026-03,2016-09,218,104,98,218,0.327816,4.140992,14.158909,0,,,,0,reported_conditioned_mlp,False,yes,VOLVE,,VOLVE,,,,gas_turbine_and_diesel,high,https://www.repsol.no/content/dam/repsol-paises/pdfs/norway/yme/c/Yme%20New%20Development-%20kraft%20fra%20land%20rapport.pdf
123,YME,YME,forecasting/fields/yme,2026-03,2026-03,359,106,71,256,0.328645,3.410483,14.093,300,1.4564008352172095,51.25463955759187,0.0,0,reported_conditioned_mlp,False,yes,YME,,YME,,,,gas_turbine,high,https://www.repsol.no/content/dam/repsol-paises/pdfs/norway/sustainability-plans/sustainability-plan-2023/2023-year-end-report-for-norway.pdf
124,YTTERGRYTA,YTTERGRYTA,forecasting/fields/yttergryta,2026-03,2014-03,207,62,0,207,0.084842,0.0,2.169628,0,,,,0,excluded_shutdown,False,unknown,,,,,,,historical_or_unknown,not_assessed,
125,ÅSGARD,ÅSGARD,forecasting/fields/asgard,2026-03,2026-03,323,323,315,256,2.48344,38.747461,293.413,300,28.579980313777924,1066.723900988698,0.0,0,reported_conditioned_mlp,False,yes,ÅSGARD,,ÅSGARD,,,,gas_turbine,high,https://www.offshorenorge.no/contentassets/39dda802fe004804bdfd32121e6a7c4b/asgard-2024.pdf
126,ÆRFUGL NORD,ÆRFUGL NORD,forecasting/fields/rfugl-nord,2026-03,2026-03,53,53,0,53,0.088267,0.0,4.509618,300,0.0,0.0,0.0,0,external_power_zero,False,no,Skarv FPSO,SKARV,SKARV,,,,host_supplied_gas_power,high,
127,ØST FRIGG,ØST FRIGG,forecasting/fields/st-frigg,2026-03,1998-01,452,114,0,256,0.191689,0.0,0.035,0,,,,0,excluded_shutdown,False,unknown,,,,,,,historical_or_unknown,not_assessed,
